text,label,source,category,topic
"The way people experience books can vary a lot depending on their background. In addition, one way to look at books is to check how it affects people's daily routines, stress levels and long-term plans. That said, it's usually not just about books itself, but also about expectations, social pressure and available resources. In practice, small consistent habits matter more than any one big decision. In this context, a simple dynamic can help people reason about trade-offs without getting lost in details.",1,synthetic_ai,formal_explanation,books
"The way people experience travel can vary a lot depending on their background. On the other hand, one way to look at travel is to check how it affects people's daily routines, stress levels and long-term plans. In addition, it's usually not just about travel itself, but also about expectations, social pressure and available resources. Overall, there is no single right answer, but paying attention to context usually helps. In this context, a simple dimension can help people reason about trade-offs without getting lost in details.",1,synthetic_ai,formal_explanation,travel
"In recent years, travel has started to influence daily life more than most people expect. In many everyday situations, one way to look at travel is to check how it affects people's daily routines, stress levels and long-term plans. In addition, it's usually not just about travel itself, but also about expectations, social pressure and available resources. So the real challenge is balancing convenience, long-term impact and personal values. In this context, a simple comprehensive can help people reason about trade-offs without getting lost in details.",1,synthetic_ai,formal_explanation,travel
"When we talk about education, it helps to separate a few different aspects. In addition, one way to look at education is to check how it affects people's daily routines, stress levels and long-term plans. More broadly speaking, it's usually not just about education itself, but also about expectations, social pressure and available resources. So the real challenge is balancing convenience, long-term impact and personal values. In this context, a simple framework can help people reason about trade-offs without getting lost in details. In practice, it doesn't always work out as neatly as it sounds.",1,synthetic_ai,formal_explanation,education
"I tried something new related to traavel yesterday and overall it was decent, not amazing but not terrible either. lmao 🤦‍♂️",0,synthetic_human,review,travel
"In recent years, sports has started to influence daily life more than most people expect. On the other hand, one way to look at sports is to check how it affects people's daily routines, stress levels and long-term plans. From a practical point of view, it's usually not just about sports itself, but also about expectations, social pressure and available resources. Overall, there is no single right answer, but paying attention to context usually helps. In this context, a simple insight can help people reason about trade-offs without getting lost in details. In practice, it doesn't always work out as neatly as it sounds.",1,synthetic_ai,formal_explanation,sports
"At a basic level, social media is about how we organize our time, energy and priorities. In addition, one way to look at social media is to check how it affects people's daily routines, stress levels and long-term plans. More broadly speaking, it's usually not just about social media itself, but also about expectations, social pressure and available resources. In practice, small consistent habits matter more than any one big decision. In this context, a simple framework can help people reason about trade-offs without getting lost in details. In practice, it doesn't always work out as neatly as it sounds.",1,synthetic_ai,formal_explanation,social media
"At a basic level, mental health is about how we organize our time, energy and priorities. On the other hand, one way to look at mental health is to check how it affects people's daily routines, stress levels and long-term plans. In many everyday situations, it's usually not just about mental health itself, but also about expectations, social pressure and available resources. In practice, small consistent habits matter more than any one big decision. In this context, a simple underlying can help people reason about trade-offs without getting lost in details.",1,synthetic_ai,formal_explanation,mental health
"At a basic level, family is about how we organize our time, energy and priorities. However, one way to look at family is to check how it affects people's daily routines, stress levels and long-term plans. That said, it's usually not just about family itself, but also about expectations, social pressure and available resources. Overall, there is no single right answer, but paying attention to context usually helps. In this context, a simple perspective can help people reason about trade-offs without getting lost in details.",1,synthetic_ai,formal_explanation,family
"I tried something new related to online courses yesterday and overall it was decent, not amazing but not terrible either. Maybe I'm overthinking it, but still. From my perspective the robust of the whole thing is how people adapt over time.",0,synthetic_human,review,online courses
"The way people experience family can vary a lot depending on their background. On the other hand, one way to look at family is to check how it affects people's daily routines, stress levels and long-term plans. On the other hand, it's usually not just about family itself, but also about expectations, social pressure and available resources. Ultimately, the best approach depends on individual goals and constraints. In this context, a simple robust can help people reason about trade-offs without getting lost in details.",1,synthetic_ai,formal_explanation,family
"I honestly feel like books is getting a bit overhyped, but at the same time I sort of understand why people care. Maybe I'm overthinking it, but still. From my perspective the dynamic of the whhole thing is how people adapt over time....",0,synthetic_human,opinion,books
"At a basic level, movies is about how we organize our time, energy and priorities. In addition, one way to look at movies is to check how it affects people's daily routines, stress levels and long-term plans. On the other hand, it's usually not just about movies itself, but also about expectations, social pressure and available resources. Ultimately, the best approach depends on individual goals and constraints. In practice, it doesn't always work out as neatly as it sounds.",1,synthetic_ai,formal_explanation,movies
"In recent years, family has started to influence daily life more than most people expect. In addition, one way to look at family is to check how it affects people's daily routines, stress levels and long-term plans. That said, it's usually not just about family itself, but also about expectations, social pressure and available resources. Overall, there is no single right answer, but paying attention to context usually helps. In this context, a simple robust can help people reason about trade-offs without getting lost in details.",1,synthetic_ai,formal_explanation,family
"When we talk about education, it helps to separate a few different aspects. However, one way to look at education is to check how it affects people's daily routines, stress levels and long-term plans. That said, it's usually not just about education itself, but also about expectations, social pressure and available resources. Overall, there is no single right answer, but paying attention to context usually helps. In this context, a simple dynamic can help people reason about trade-offs without getting lost in details. In practice, it doesn't always work out as neatly as it sounds.",1,synthetic_ai,formal_explanation,education
"In recent years, books has started to influence daily life more than most people expect. That said, one way to look at books is to check how it affects people's daily routines, stress levels and long-term plans. However, it's usually not just about books itself, but also about expectations, social pressure and available resources. Overall, there is no single right answer, but paying attention to context usually helps. In this context, a simple insight can help people reason about trade-offs without getting lost in details.",1,synthetic_ai,formal_explanation,books
"Last week I had this random experience with education and it was way more intense than I expected. Maybe I'm overthinking it, but still.",0,synthetic_human,personal_story,education
"When we talk about sports, it helps to separate a few different aspects. In addition, one way to look at sports is to check how it affects people's daily routines, stress levels and long-term plans. On the other hand, it's usually not just about sports itself, but also about expectations, social pressure and available resources. So the real challenge is balancing convenience, long-term impact and personal values. In this context, a simple in this context can help people reason about trade-offs without getting lost in details. In practice, it doesn't always work out as neatly as it sounds.",1,synthetic_ai,formal_explanation,sports
"At a basic level, technology is about how we organize our time, energy and priorities. In many everyday situations, one way to look at technology is to check how it affects people's daily routines, stress levels and long-term plans. More broadly speaking, it's usually not just about technology itself, but also about expectations, social pressure and available resources. In practice, small consistent habits matter more than any one big decision. In this context, a simple underlying can help people reason about trade-offs without getting lost in details. In practice, it doesn't always work out as neatly as it sounds.",1,synthetic_ai,formal_explanation,technology
"I'm kinda tired of hearing about family all the time, it just pops up everywhere and it's low-key exhausting. Honestly, it got stuck in my head the whole day. 🙃",0,synthetic_human,rant,family
"When we talk about mental health, it helps to separate a few different aspects. In many everyday situations, one way to look at mental health is to check how it affects people's daily routines, stress levels and long-term plans. In addition, it's usually not just about mental health itself, but also about expectations, social pressure and available resources. So the real challenge is balancing convenience, long-term impact and personal values.",1,synthetic_ai,formal_explanation,mental health
Last week I had this random experience with music and it was way more intense than I expected. I know it shouldn't bother me this much but it does. kinda,0,synthetic_human,personal_story,music
"I'm kinda tired of hearing about online courses all the time, it just pops up everywhere and it's low-key exhausting. I know it shouldn't bother me this much but it does. From my perspective the underlying of the whole thing is how people adapt over time.",0,synthetic_human,rant,online courses
"At a basic level, finance is about how we organize our time, energy and priorities. That said, one way to look at finance is to check how it affects people's daily routines, stress levels and long-term plans. That said, it's usually not just about finance itself, but also about expectations, social pressure and available resources. Overall, there is no single right answer, but paying attention to context usually helps.",1,synthetic_ai,formal_explanation,finance
"Tbh I've been thinking about remote work a lot lately and it kinda messes with my schedule sometimes. Maybe I'm overthinking it, but still. From my perspective the dimension of the whole thing is how people adapt over time.!!!",0,synthetic_human,casual_chat,remote work
"I honestly feel like finance is getting a bit overhyped, but at the same time I sort of understand why people care. Honestly, it got stuck in my head the whole day.",0,synthetic_human,opinion,finance
Last week I had this raandom experience with family and it was way more intense than I expected. idk,0,synthetic_human,personal_story,family
"When we talk about movies, it helps to separate a few different aspects. That said, one way to look at movies is to check how it affects people's daily routines, stress levels and long-term plans. From a practical point of view, it's usually not just about movies itself, but also about expectations, social pressure and available resources. So the real challenge is balancing convenience, long-term impact and personal values.",1,synthetic_ai,formal_explanation,movies
"In recent years, finance has started to influence daily life more than most people expect. In many everyday situations, one way to look at finance is to check how it affects people's daily routines, stress levels and long-term plans. On the other hand, it's usually not just about finance itself, but also about expectations, social pressure and available resources. In practice, small consistent habits matter more than any one big decision.",1,synthetic_ai,formal_explanation,finance
"In recent years, travel has started to influence daily life more than most people expect. On the other hand, one way to look at travel is to check how it affects people's daily routines, stress levels and long-term plans. More broadly speaking, it's usually not just about travel itself, but also about expectations, social pressure and available resources. Overall, there is no single right answer, but paying attention to context usually helps. In practice, it doesn't always work out as neatly as it sounds.",1,synthetic_ai,formal_explanation,travel
"I tried something new related to travel yesterday and overall it was decent, not amazing but not terrible either.",0,synthetic_human,review,travel
Last week I had this random experience with sports and it was way more intense than I expected.?!,0,synthetic_human,personal_story,sports
"At a basic level, education is about how we organize our time, energy and priorities. However, one way to look at education is to check how it affects people's daily routines, stress levels and long-term plans. In many everyday situations, it's usually not just about education itself, but also about expectations, social pressure and available resources. Ultimately, the best approach depends on individual goals and constraints. In this context, a simple dynamic can help people reason about trade-offs without getting lost in details.",1,synthetic_ai,formal_explanation,education
Tbh I've been thinking about remote work a lot lately and it kinda messes with my schedule sometimes.,0,synthetic_human,casual_chat,remote work
"Tbh I've been thinking about family a lot lately and it kinda messes with my schedule sometimes. Honestly, it got stuck in my head the whole day. From my perspective the comprehensive of the whole thing is how people adapt over time.?!",0,synthetic_human,casual_chat,family
"Does anyone else feel weird about how education keeps changing every few months, or is it just me? Honestly, it got stuck in my head the whole day.!!!",0,synthetic_human,question,education
"In recent years, online courses has started to influence daily life more than most people expect. More broadly speaking, one way to look at online courses is to check how it affects people's daily routines, stress levels and long-term plans. In addition, it's usually not just about online courses itself, but also about expectations, social pressure and available resources. So the real challenge is balancing convenience, long-term impact and personal values. In this context, a simple underlying can help people reason about trade-offs without getting lost in details.",1,synthetic_ai,formal_explanation,online courses
"When we talk about movies, it helps to separate a few different aspects. More broadly speaking, one way to look at movies is to check how it affects people's daily routines, stress levels and long-term plans. However, it's usually not just about movies itself, but also about expectations, social pressure and available resources. Overall, there is no single right answer, but paying attention to context usually helps. In this context, a simple insight can help people reason about trade-offs without getting lost in details.",1,synthetic_ai,formal_explanation,movies
"The way people experience movies can vary a lot depending on their background. From a practical point of view, one way to look at movies is to check how it affects people's daily routines, stress levels and long-term plans. From a practical point of view, it's usually not just about movies itself, but also about expectations, social pressure and available resources. In practice, small consistent habits matter more than any one big decision. In practice, it doesn't always work out as neatly as it sounds.",1,synthetic_ai,formal_explanation,movies
"I'm kinda tired of hearing about remote work all the time, it just pops up everywhere and it's low-key exhausting. sort of 🤦‍♂️!!!",0,synthetic_human,rant,remote work
"I'm kinda tired of hearing about work all the time, it just pops up everywhere and it's low-key exhausting. From my perspective the significant of the whole thing is how people adapt over time. tbh",0,synthetic_human,rant,work
"I'm kinda tired of hearing about online courses all the time, it just pops up everywhere and it's low-key exhausting. Maybe I'm overthinking it, but still. From my perspective the framework of the whole thiing is how people adapt over time. 🙃...",0,synthetic_human,rant,online courses
"Last week I had this random experience with food and it was way more intense than I expected. Honestly, it got stuck in my head the whole day. 🤷‍♀️",0,synthetic_human,personal_story,food
"At a basic level, mental health is about how we organize our time, energy and priorities. More broadly speaking, one way to look at mental health is to check how it affects people's daily routines, stress levels and long-term plans. However, it's usually not just about mental health itself, but also about expectations, social pressure and available resources. So the real challenge is balancing convenience, long-term impact and personal values.",1,synthetic_ai,formal_explanation,mental health
Last week I had this random experience with remote work and it was way more intense than I expected. It sounds small but it really threw off my mood. From my perspective the comprehensive of the whole thing is how people adapt over time.?!,0,synthetic_human,personal_story,remote work
"Does anyone else feel weird about how health keeps changing every few months, or is it just me? I know it shouldn't bother me this much but it does. sort of",0,synthetic_human,question,health
"When we talk about books, it helps to separate a few different aspects. From a practical point of view, one way to look at books is to check how it affects people's daily routines, stress levels and long-term plans. From a practical point of view, it's usually not just about books itself, but also about expectations, social pressure and available resources. In practice, small consistent habits matter more than any one big decision. In this context, a simple insight can help people reason about trade-offs without getting lost in details.",1,synthetic_ai,formal_explanation,books
"The way people experience mental health can vary a lot depending on their background. More broadly speaking, one way to look at mental health is to check how it affects people's daily routines, stress levels and long-term plans. However, it's usually not just about mental health itself, but also about expectations, social pressure and available resources. Ultimately, the best approach depends on individual goals and constraints. In this context, a simple perspective can help people reason about trade-offs without getting lost in details. In practice, it doesn't always work out as neatly as it sounds.",1,synthetic_ai,formal_explanation,mental health
Last week I had this random experience with music and it was way more intense than I expected. sort of...,0,synthetic_human,personal_story,music
"When we talk about books, it helps to separate a few different aspects. In many everyday situations, one way to look at books is to check how it affects people's daily routines, stress levels and long-term plans. That said, it's usually not just about books itself, but also about expectations, social pressure and available resources. So the real challenge is balancing convenience, long-term impact and personal values. In this context, a simple perspective can help people reason about trade-offs without getting lost in details.",1,synthetic_ai,formal_explanation,books
"In recent years, family has started to influence daily life more than most people expect. However, one way to look at family is to check how it affects people's daily routines, stress levels and long-term plans. From a practical point of view, it's usually not just about family itself, but also about expectations, social pressure and available resources. In practice, small consistent habits matter more than any one big decision. In this context, a simple insight can help people reason about trade-offs without getting lost in details.",1,synthetic_ai,formal_explanation,family
"The way people experience social media can vary a lot depending on their background. That said, one way to look at social media is to check how it affects people's daily routines, stress levels and long-term plans. More broadly speaking, it's usually not just about social media itself, but also about expectations, social pressure and available resources. In practice, small consistent habits matter more than any one big decision. In this context, a simple significant can help people reason about trade-offs without getting lost in details.",1,synthetic_ai,formal_explanation,social media
Tbh I've been thinking about health a lot lately and it kinda messes with my schedule sometimes. sort of,0,synthetic_human,casual_chat,health
"In recent years, mental health has started to influence daily life more than most people expect. More broadly speaking, one way to look at mental health is to check how it affects people's daily routines, stress levels and long-term plans. From a practical point of view, it's usually not just about mental health itself, but also about expectations, social pressure and available resources. Ultimately, the best approach depends on individual goals and constraints. In this context, a simple dimension can help people reason about trade-offs without getting lost in details. In practice, it doesn't always work out as neatly as it sounds.",1,synthetic_ai,formal_explanation,mental health
"Tbh I've been thinking about family a lot lately and it kinda messes with my scheddule sometimes. Honestly, it got stuck in my head the whole day. From my perspective the robust of the whole thing is how people adapt over time. 🙂",0,synthetic_human,casual_chat,family
Last week I had this random experience with books and it was way more intense than I expected.!!!,0,synthetic_human,personal_story,books
"When we talk about online courses, it helps to separate a few different aspects. In many everyday situations, one way to look at online courses is to check how it affects people's daily routines, stress levels and long-term plans. On the other hand, it's usually not just about online courses itself, but also about expectations, social pressure and available resources. In practice, small consistent habits matter more than any one big decision.",1,synthetic_ai,formal_explanation,online courses
"I tried something new related to technology yesterday and overall it was decent, not amazing but not terrible either. haha...",0,synthetic_human,review,technology
"I tried something new related to education yesterday and overall it was decent, not amazing but not terrible either. sort of 🙃...",0,synthetic_human,review,education
"In recent years, finance has started to influence daily life more than most people expect. More broadly speaking, one way to look at finance is to check how it affects people's daily routines, stress levels and long-term plans. That said, it's usually not just about finance itself, but also about expectations, social pressure and available resources. Overall, there is no single right answer, but paying attention to context usually helps. In this context, a simple insight can help people reason about trade-offs without getting lost in details.",1,synthetic_ai,formal_explanation,finance
"Tbh I've been thinking about movies a lot lately and it kinda messes with my schedule sometimes. Honestly, it got stuck in my head the whole day. From my perspective the in this context of the whole thing is how people adapt over time. 😂",0,synthetic_human,casual_chat,movies
"I honestly feel like food is getting a bit overhyped, but at the same time I sort of understand why people care. btw 🙃",0,synthetic_human,opinion,food
"In recent years, books has started to influence daily life more than most people expect. On the other hand, one way to look at books is to check how it affects people's daily routines, stress levels and long-term plans. However, it's usually not just about books itself, but also about expectations, social pressure and available resources. In practice, small consistent habits matter more than any one big decision. In practice, it doesn't always work out as neatly as it sounds.",1,synthetic_ai,formal_explanation,books
"I'm kinda tired of hearing about travel all the time, it just pops up everywhere and it's low-key exhausting. It sounds small but it really threw off my mood. lmao",0,synthetic_human,rant,travel
"When we talk about technology, it helps to separate a few different aspects. That said, one way to look at technology is to check how it affects people's daily routines, stress levels and long-term plans. That said, it's usually not just about technology itself, but also about expectations, social pressure and available resources. Ultimately, the best approach depends on individual goals and constraints. In this context, a simple robust can help people reason about trade-offs without getting lost in details. In practice, it doesn't always work out as neatly as it sounds.",1,synthetic_ai,formal_explanation,technology
"The way people experience travel can vary a lot depending on their background. From a practical point of view, one way to look at travel is to check how it affects people's daily routines, stress levels and long-term plans. In many everyday situations, it's usually not just about travel itself, but also about expectations, social pressure and available resources. Ultimately, the best approach depends on individual goals and constraints.",1,synthetic_ai,formal_explanation,travel
"In recent years, travel has started to influence daily life more than most people expect. However, one way to look at travel is to check how it affects people's daily routines, stress levels and long-term plans. In many everyday situations, it's usually not just about travel itself, but also about expectations, social pressure and available resources. Overall, there is no single right answer, but paying attention to context usually helps. In this context, a simple dynamic can help people reason about trade-offs without getting lost in details.",1,synthetic_ai,formal_explanation,travel
"When we talk about technology, it helps to separate a few different aspects. However, one way to look at technology is to check how it affects people's daily routines, stress levels and long-term plans. From a practical point of view, it's usually not just about technology itself, but also about expectations, social pressure and available resources. In practice, small consistent habits matter more than any one big decision. In this context, a simple comprehensive can help people reason about trade-offs without getting lost in details. In practice, it doesn't always work out as neatly as it sounds.",1,synthetic_ai,formal_explanation,technology
"Does anyone else feel weird about how movies keeps changing every few months, or is it just me? I know it shouldn't bother me this much but it does.",0,synthetic_human,question,movies
"At a basic level, sports is about how we organize our time, energy and priorities. On the other hand, one way to look at sports is to check how it affects people's daily routines, stress levels and long-term plans. More broadly speaking, it's usually not just about sports itself, but also about expectations, social pressure and available resources. Overall, there is no single right answer, but paying attention to context usually helps. In this context, a simple insight can help people reason about trade-offs without getting lost in details.",1,synthetic_ai,formal_explanation,sports
"I honestly feel like mental health is getting a bit overhyped, but at the same time I sort of understand why people care. 🙂",0,synthetic_human,opinion,mental health
"I honestly feel like travel is getting a bit overhyped, but at the same time I sort of understand why people care. Honestly, it got stuck in my head the whole day. haha...",0,synthetic_human,opinion,travel
"When we talk about sports, it helps to separate a few different aspects. However, one way to look at sports is to check how it affects people's daily routines, stress levels and long-term plans. In many everyday situations, it's usually not just about sports itself, but also about expectations, social pressure and available resources. Overall, there is no single right answer, but paying attention to context usually helps. In this context, a simple insight can help people reason about trade-offs without getting lost in details.",1,synthetic_ai,formal_explanation,sports
"The way people experience travel can vary a lot depending on their background. However, one way to look at travel is to check how it affects people's daily routines, stress levels and long-term plans. However, it's usually not just about travel itself, but also about expectations, social pressure and available resources. In practice, small consistent habits matter more than any one big decision. In this context, a simple dynamic can help people reason about trade-offs without getting lost in details.",1,synthetic_ai,formal_explanation,travel
"Does anyone else feel weird about how technology keeps changing every few months, or is it just me? I know it shouldn't bother me this much but it does. From my perspective the framework of the whole thing is how people adapt over time.!!!",0,synthetic_human,question,technology
Tbh I've been thinkiing about education a lot lately and it kinda messes with my schedule sometimes. From my perspective the dynamic of the whole thing is how people adapt over time. idk 😅,0,synthetic_human,casual_chat,education
"The way people experience online courses can vary a lot depending on their background. More broadly speaking, one way to look at online courses is to check how it affects people's daily routines, stress levels and long-term plans. On the other hand, it's usually not just about online courses itself, but also about expectations, social pressure and available resources. Overall, there is no single right answer, but paying attention to context usually helps.",1,synthetic_ai,formal_explanation,online courses
"I'm kinda tired of hearing about remote work all the time, it just pops up everywhere and it's low-key exhausting. Honestly, it got stuck in my head the whole day....",0,synthetic_human,rant,remote work
"In recent years, remote work has started to influence daily life more than most people expect. In many everyday situations, one way to look at remote work is to check how it affects people's daily routines, stress levels and long-term plans. That said, it's usually not just about remote work itself, but also about expectations, social pressure and available resources. In practice, small consistent habits matter more than any one big decision. In this context, a simple comprehensive can help people reason about trade-offs without getting lost in details.",1,synthetic_ai,formal_explanation,remote work
"I honestly feel like music is getting a bit overhyped, but at the same time I sort of understand why people care. 🤦‍♂️",0,synthetic_human,opinion,music
"The way people experience social media can vary a lot depending on their background. However, one way to look at social media is to check how it affects people's daily routines, stress levels and long-term plans. However, it's usually not just about social media itself, but also about expectations, social pressure and available resources. So the real challenge is balancing convenience, long-term impact and personal values. In this context, a simple framework can help people reason about trade-offs without getting lost in details.",1,synthetic_ai,formal_explanation,social media
"Does anyone else feel weird about how social media keeps changing every few months, or is it just me?",0,synthetic_human,question,social media
"I tried something new related to travel yesterday and overall it was decent, not amazing but not terrible either. 🙂",0,synthetic_human,review,travel
Last week I had this random experience with music and it was way more intense than I expected. kinda 😂?!,0,synthetic_human,personal_story,music
"I honestly feel like family is getting a bit overhyped, but at the same time I sort of understand why people care. I know it shouldn't bother me this much but it does. From my perspective the dimension of the whole thing is how people adapt over time.",0,synthetic_human,opinion,family
"The way people experience mental health can vary a lot depending on their background. In many everyday situations, one way to look at mental health is to check how it affects people's daily routines, stress levels and long-term plans. More broadly speaking, it's usually not just about mental health itself, but also about expectations, social pressure and available resources. In practice, small consistent habits matter more than any one big decision.",1,synthetic_ai,formal_explanation,mental health
"In recent years, technology has started to influence daily life more than most people expect. In addition, one way to look at technology is to check how it affects people's daily routines, stress levels and long-term plans. From a practical point of view, it's usually not just about technology itself, but also about expectations, social pressure and available resources. Overall, there is no single right answer, but paying attention to context usually helps. In this context, a simple robust can help people reason about trade-offs without getting lost in details.",1,synthetic_ai,formal_explanation,technology
"The way people experience mental health can vary a lot depending on their background. In addition, one way to look at mental health is to check how it affects people's daily routines, stress levels and long-term plans. In addition, it's usually not just about mental health itself, but also about expectations, social pressure and available resources. Overall, there is no single right answer, but paying attention to context usually helps. In this context, a simple significant can help people reason about trade-offs without getting lost in details. In practice, it doesn't always work out as neatly as it sounds.",1,synthetic_ai,formal_explanation,mental health
"When we talk about finance, it helps to separate a few different aspects. That said, one way to look at finance is to check how it affects people's daily routines, stress levels and long-term plans. From a practical point of view, it's usually not just about finance itself, but also about expectations, social pressure and available resources. In practice, small consistent habits matter more than any one big decision. In this context, a simple comprehensive can help people reason about trade-offs without getting lost in details. In practice, it doesn't always work out as neatly as it sounds.",1,synthetic_ai,formal_explanation,finance
Tbh I've been thinking about social media a lot lately and it kinda messes with my schedulle sometimes. It sounds small but it really threw off my mood.,0,synthetic_human,casual_chat,social media
"Last week I had this random experience with movies and it was way more intense than I expected. Honestly, it got stuck in my head the whole day.",0,synthetic_human,personal_story,movies
"I'm kinda tired of hearing about food all the time, it just pops up everywhere and it's low-key exhausting. I know it shouldn't bother me this much but it does. From my perspective the robust of the whole thing is how people adappt over time. 🤦‍♂️?!",0,synthetic_human,rant,food
"The way people experience health can vary a lot depending on their background. In addition, one way to look at health is to check how it affects people's daily routines, stress levels and long-term plans. On the other hand, it's usually not just about health itself, but also about expectations, social pressure and available resources. Ultimately, the best approach depends on individual goals and constraints.",1,synthetic_ai,formal_explanation,health
Last week I had this random experience with movies and it was way more intense than I expected. From my perspective the in this context of the whole thing is how people adapt over time. idk...,0,synthetic_human,personal_story,movies
"When we talk about online courses, it helps to separate a few different aspects. In addition, one way to look at online courses is to check how it affects people's daily routines, stress levels and long-term plans. In many everyday situations, it's usually not just about online courses itself, but also about expectations, social pressure and available resources. Ultimately, the best approach depends on individual goals and constraints. In this context, a simple dimension can help people reason about trade-offs without getting lost in details.",1,synthetic_ai,formal_explanation,online courses
"I honestly feel like food is getting a bit overhyped, but at the same time I sort of understand why people care. From my perspective the perspective of the whole thing is how people adapt over time. sort of",0,synthetic_human,opinion,food
"The way people experience family can vary a lot depending on their background. That said, one way to look at family is to check how it affects people's daily routines, stress levels and long-term plans. However, it's usually not just about family itself, but also about expectations, social pressure and available resources. So the real challenge is balancing convenience, long-term impact and personal values. In this context, a simple comprehensive can help people reason about trade-offs without getting lost in details.",1,synthetic_ai,formal_explanation,family
Last week I had this random experience with movies and it was way more intense than I expected. ngl,0,synthetic_human,personal_story,movies
"I honestly feel like education is getting a bit overhyped, but at the same time I sort of understand why people care. Honestly, it got stuck in my head the whole day. lol",0,synthetic_human,opinion,education
"When we talk about social media, it helps to separate a few different aspects. On the other hand, one way to look at social media is to check how it affects people's daily routines, stress levels and long-term plans. In many everyday situations, it's usually not just about social media itself, but also about expectations, social pressure and available resources. In practice, small consistent habits matter more than any one big decision. In this context, a simple insight can help people reason about trade-offs without getting lost in details.",1,synthetic_ai,formal_explanation,social media
"When we talk about sports, it helps to separate a few different aspects. On the other hand, one way to look at sports is to check how it affects people's daily routines, stress levels and long-term plans. More broadly speaking, it's usually not just about sports itself, but also about expectations, social pressure and available resources. Overall, there is no single right answer, but paying attention to context usually helps. In this context, a simple underlying can help people reason about trade-offs without getting lost in details.",1,synthetic_ai,formal_explanation,sports
"I tried something new related to work yesterday and overall it was decent, not amazing but not terrible either. lmao",0,synthetic_human,review,work
"When we talk about finance, it helps to separate a few different aspects. In addition, one way to look at finance is to check how it affects people's daily routines, stress levels and long-term plans. In addition, it's usually not just about finance itself, but also about expectations, social pressure and available resources. So the real challenge is balancing convenience, long-term impact and personal values.",1,synthetic_ai,formal_explanation,finance
"Does anyone else feel weird about how books keeps changing every few months, or is it just me? tbh 😂",0,synthetic_human,question,books
"At a basic level, work is about how we organize our time, energy and priorities. On the other hand, one way to look at work is to check how it affects people's daily routines, stress levels and long-term plans. In addition, it's usually not just about work itself, but also about expectations, social pressure and available resources. In practice, small consistent habits matter more than any one big decision. In this context, a simple significant can help people reason about trade-offs without getting lost in details.",1,synthetic_ai,formal_explanation,work
"In recent years, movies has started to influence daily life more than most people expect. More broadly speaking, one way to look at movies is to check how it affects people's daily routines, stress levels and long-term plans. From a practical point of view, it's usually not just about movies itself, but also about expectations, social pressure and available resources. Ultimately, the best approach depends on individual goals and constraints. In practice, it doesn't always work out as neatly as it sounds.",1,synthetic_ai,formal_explanation,movies
"In recent years, mental health has started to influence daily life more than most people expect. In addition, one way to look at mental health is to check how it affects people's daily routines, stress levels and long-term plans. More broadly speaking, it's usually not just about mental health itself, but also about expectations, social pressure and available resources. So the real challenge is balancing convenience, long-term impact and personal values. In this context, a simple dimension can help people reason about trade-offs without getting lost in details. In practice, it doesn't always work out as neatly as it sounds.",1,synthetic_ai,formal_explanation,mental health
"In recent years, online courses has started to influence daily life more than most people expect. In many everyday situations, one way to look at online courses is to check how it affects people's daily routines, stress levels and long-term plans. More broadly speaking, it's usually not just about online courses itself, but also about expectations, social pressure and available resources. So the real challenge is balancing convenience, long-term impact and personal values. In this context, a simple in this context can help people reason about trade-offs without getting lost in details.",1,synthetic_ai,formal_explanation,online courses
"I honestly feel like health is getting a bit overhyped, but at the same time I sort of understand why people care. From my perspective the dimension of the whole thing is how people adapt over time. haha 🥲",0,synthetic_human,opinion,health
"At a basic level, food is about how we organize our time, energy and priorities. In addition, one way to look at food is to check how it affects people's daily routines, stress levels and long-term plans. In many everyday situations, it's usually not just about food itself, but also about expectations, social pressure and available resources. In practice, small consistent habits matter more than any one big decision. In this context, a simple significant can help people reason about trade-offs without getting lost in details.",1,synthetic_ai,formal_explanation,food
"When we talk about music, it helps to separate a few different aspects. That said, one way to look at music is to check how it affects people's daily routines, stress levels and long-term plans. In addition, it's usually not just about music itself, but also about expectations, social pressure and available resources. So the real challenge is balancing convenience, long-term impact and personal values. In practice, it doesn't always work out as neatly as it sounds.",1,synthetic_ai,formal_explanation,music
"When we talk about technology, it helps to separate a few different aspects. That said, one way to look at technology is to check how it affects people's daily routines, stress levels and long-term plans. More broadly speaking, it's usually not just about technology itself, but also about expectations, social pressure and available resources. Ultimately, the best approach depends on individual goals and constraints.",1,synthetic_ai,formal_explanation,technology
"When we talk about social media, it helps to separate a few different aspects. From a practical point of view, one way to look at social media is to check how it affects people's daily routines, stress levels and long-term plans. However, it's usually not just about social media itself, but also about expectations, social pressure and available resources. So the real challenge is balancing convenience, long-term impact and personal values. In this context, a simple dynamic can help people reason about trade-offs without getting lost in details.",1,synthetic_ai,formal_explanation,social media
"At a basic level, work is about how we organize our time, energy and priorities. In many everyday situations, one way to look at work is to check how it affects people's daily routines, stress levels and long-term plans. More broadly speaking, it's usually not just about work itself, but also about expectations, social pressure and available resources. In practice, small consistent habits matter more than any one big decision. In this context, a simple in this context can help people reason about trade-offs without getting lost in details. In practice, it doesn't always work out as neatly as it sounds.",1,synthetic_ai,formal_explanation,work
"Last week I had this random experience with technology and it was way more inntense than I expected. Maybe I'm overthinking it, but still. lmao 🙃",0,synthetic_human,personal_story,technology
"I tried something new related to mental health yesterday and overall it was decent, not amazing but not terrible either. It sounds small but it really threw off my mood. From my perspective the insight of the whole thing is how people adapt over time. 😂",0,synthetic_human,review,mental health
"I honestly feel like family is getting a bit overhyped, but at the same time I sort of understand why people care. ngl",0,synthetic_human,opinion,family
"When we talk about music, it helps to separate a few different aspects. In many everyday situations, one way to look at music is to check how it affects people's daily routines, stress levels and long-term plans. On the other hand, it's usually not just about music itself, but also about expectations, social pressure and available resources. Ultimately, the best approach depends on individual goals and constraints. In this context, a simple in this context can help people reason about trade-offs without getting lost in details.",1,synthetic_ai,formal_explanation,music
"When we talk about food, it helps to separate a few different aspects. In addition, one way to look at food is to check how it affects people's daily routines, stress levels and long-term plans. On the other hand, it's usually not just about food itself, but also about expectations, social pressure and available resources. Overall, there is no single right answer, but paying attention to context usually helps. In this context, a simple perspective can help people reason about trade-offs without getting lost in details.",1,synthetic_ai,formal_explanation,food
"Does anyone else feel weird about how family keeps changing every few months, or is it just me? It sounds small but it really threw off my mood. From my perspective the underlying of the whole thing is how people adapt over time. tbh?!",0,synthetic_human,question,family
"When we talk about movies, it helps to separate a few different aspects. More broadly speaking, one way to look at movies is to check how it affects people's daily routines, stress levels and long-term plans. More broadly speaking, it's usually not just about movies itself, but also about expectations, social pressure and available resources. So the real challenge is balancing convenience, long-term impact and personal values. In this context, a simple dynamic can help people reason about trade-offs without getting lost in details.",1,synthetic_ai,formal_explanation,movies
Last week I had this random experience with work and it was way more intense than I expected....,0,synthetic_human,personal_story,work
"The way people experience education can vary a lot depending on their background. On the other hand, one way to look at education is to check how it affects people's daily routines, stress levels and long-term plans. That said, it's usually not just about education itself, but also about expectations, social pressure and available resources. Overall, there is no single right answer, but paying attention to context usually helps. In practice, it doesn't always work out as neatly as it sounds.",1,synthetic_ai,formal_explanation,education
"I honestly feel like mental health is getting a bit overhyped, but at the same time I sort of understand why people care. From my perspective the perspective of the whole thing is how people adapt over time....",0,synthetic_human,opinion,mental health
"Tbh I've been thinking about family a lot lately and it kindda messes with my schedule sometimes. Honestly, it got stuck in my head the whole day. From my perspective the in this context of the whole thing is how people adapt over time.?!",0,synthetic_human,casual_chat,family
"In recent years, work has started to influence daily life more than most people expect. On the other hand, one way to look at work is to check how it affects people's daily routines, stress levels and long-term plans. In many everyday situations, it's usually not just about work itself, but also about expectations, social pressure and available resources. Ultimately, the best approach depends on individual goals and constraints.",1,synthetic_ai,formal_explanation,work
"At a basic level, social media is about how we organize our time, energy and priorities. In addition, one way to look at social media is to check how it affects people's daily routines, stress levels and long-term plans. In many everyday situations, it's usually not just about social media itself, but also about expectations, social pressure and available resources. Overall, there is no single right answer, but paying attention to context usually helps. In this context, a simple robust can help people reason about trade-offs without getting lost in details. In practice, it doesn't always work out as neatly as it sounds.",1,synthetic_ai,formal_explanation,social media
"I honestly feel like online courses is getting a bit overhyped, but at the same time I sort of understand why people care. haha...",0,synthetic_human,opinion,online courses
"The way people experience movies can vary a lot depending on their background. More broadly speaking, one way to look at movies is to check how it affects people's daily routines, stress levels and long-term plans. That said, it's usually not just about movies itself, but also about expectations, social pressure and available resources. Ultimately, the best approach depends on individual goals and constraints. In this context, a simple underlying can help people reason about trade-offs without getting lost in details.",1,synthetic_ai,formal_explanation,movies
"In recent years, mental health has started to influence daily life more than most people expect. On the other hand, one way to look at mental health is to check how it affects people's daily routines, stress levels and long-term plans. From a practical point of view, it's usually not just about mental health itself, but also about expectations, social pressure and available resources. In practice, small consistent habits matter more than any one big decision.",1,synthetic_ai,formal_explanation,mental health
"In recent years, food has started to influence daily life more than most people expect. More broadly speaking, one way to look at food is to check how it affects people's daily routines, stress levels and long-term plans. That said, it's usually not just about food itself, but also about expectations, social pressure and available resources. Overall, there is no single right answer, but paying attention to context usually helps.",1,synthetic_ai,formal_explanation,food
"At a basic level, family is about how we organize our time, energy and priorities. From a practical point of view, one way to look at family is to check how it affects people's daily routines, stress levels and long-term plans. From a practical point of view, it's usually not just about family itself, but also about expectations, social pressure and available resources. Overall, there is no single right answer, but paying attention to context usually helps. In this context, a simple dimension can help people reason about trade-offs without getting lost in details.",1,synthetic_ai,formal_explanation,family
"Does anyone else feel weird about how technology keeps changing every few months, or is it just me?...",0,synthetic_human,question,technology
"At a basic level, travel is about how we organize our time, energy and priorities. In many everyday situations, one way to look at travel is to check how it affects people's daily routines, stress levels and long-term plans. However, it's usually not just about travel itself, but also about expectations, social pressure and available resources. Overall, there is no single right answer, but paying attention to context usually helps.",1,synthetic_ai,formal_explanation,travel
"The way people experience health can vary a lot depending on their background. However, one way to look at health is to check how it affects people's daily routines, stress levels and long-term plans. That said, it's usually not just about health itself, but also about expectations, social pressure and available resources. In practice, small consistent habits matter more than any one big decision. In this context, a simple comprehensive can help people reason about trade-offs without getting lost in details.",1,synthetic_ai,formal_explanation,health
"I honestly feel like mental health is getting a bit overhyped, but at the same time I sort of understand why people care.",0,synthetic_human,opinion,mental health
"I honestly feel like social media is getting a bit overhyped, but at the same time I sort of understand why people care. From my perspective the in this context of the whole thing is how people adapt over time. tbh?!",0,synthetic_human,opinion,social media
"I tried something new related to education yesterday and overall it was decent, not amazing but not terrible either. 🤷‍♀️",0,synthetic_human,review,education
"I honestly feel like books is getting a bit overhyped, but at the same time I sort of understand why people care. Honestly, it got stuck in my head the whole day. sort of",0,synthetic_human,opinion,books
"I'm kinda tired of hearing about work all the time, it just pops up everywhere and it's low-key exhausting. 🥲",0,synthetic_human,rant,work
"I honestly feel like education is getting a bit overhyped, but at the same time I sort of understand why people care. I know it shouldn't bother me this much but it does. From my perspective the significant of the whole thing is how people adaapt over time. haha 😅!!!",0,synthetic_human,opinion,education
"Does anyone else feel weird about how mental health keeps changing every few months, or is it just me? Honestly, it got stuck in my head the whole day.",0,synthetic_human,question,mental health
"In recent years, family has started to influence daily life more than most people expect. From a practical point of view, one way to look at family is to check how it affects people's daily routines, stress levels and long-term plans. More broadly speaking, it's usually not just about family itself, but also about expectations, social pressure and available resources. So the real challenge is balancing convenience, long-term impact and personal values. In this context, a simple insight can help people reason about trade-offs without getting lost in details.",1,synthetic_ai,formal_explanation,family
Tbh I've been thinking about travel a lot lately and it kinda messes with my schedule sometimes. From my perspective the perspectiive of the whole thing is how people adapt over time. 🤷‍♀️,0,synthetic_human,casual_chat,travel
"In recent years, social media has started to influence daily life more than most people expect. In addition, one way to look at social media is to check how it affects people's daily routines, stress levels and long-term plans. From a practical point of view, it's usually not just about social media itself, but also about expectations, social pressure and available resources. In practice, small consistent habits matter more than any one big decision. In this context, a simple underlying can help people reason about trade-offs without getting lost in details. In practice, it doesn't always work out as neatly as it sounds.",1,synthetic_ai,formal_explanation,social media
"The way people experience music can vary a lot depending on their background. However, one way to look at music is to check how it affects people's daily routines, stress levels and long-term plans. In many everyday situations, it's usually not just about music itself, but also about expectations, social pressure and available resources. Ultimately, the best approach depends on individual goals and constraints. In this context, a simple framework can help people reason about trade-offs without getting lost in details.",1,synthetic_ai,formal_explanation,music
"In recent years, finance has started to influence daily life more than most people expect. On the other hand, one way to look at finance is to check how it affects people's daily routines, stress levels and long-term plans. On the other hand, it's usually not just about finance itself, but also about expectations, social pressure and available resources. Ultimately, the best approach depends on individual goals and constraints. In this context, a simple perspective can help people reason about trade-offs without getting lost in details.",1,synthetic_ai,formal_explanation,finance
Last week I had this random experience with health and it was way more intense than I expected.!!!,0,synthetic_human,personal_story,health
"When we talk about food, it helps to separate a few different aspects. That said, one way to look at food is to check how it affects people's daily routines, stress levels and long-term plans. That said, it's usually not just about food itself, but also about expectations, social pressure and available resources. Ultimately, the best approach depends on individual goals and constraints. In this context, a simple framework can help people reason about trade-offs without getting lost in details.",1,synthetic_ai,formal_explanation,food
Last week I had this random experience with movies and it was way more intense than I expected. tbh,0,synthetic_human,personal_story,movies
"In recent years, finance has started to influence daily life more than most people expect. More broadly speaking, one way to look at finance is to check how it affects people's daily routines, stress levels and long-term plans. In many everyday situations, it's usually not just about finance itself, but also about expectations, social pressure and available resources. So the real challenge is balancing convenience, long-term impact and personal values.",1,synthetic_ai,formal_explanation,finance
"Does anyone else feel weird about how books keeps changing every few months, or is it just me?...",0,synthetic_human,question,books
"When we talk about online courses, it helps to separate a few different aspects. On the other hand, one way to look at online courses is to check how it affects people's daily routines, stress levels and long-term plans. In addition, it's usually not just about online courses itself, but also about expectations, social pressure and available resources. In practice, small consistent habits matter more than any one big decision. In this context, a simple perspective can help people reason about trade-offs without getting lost in details.",1,synthetic_ai,formal_explanation,online courses
"I tried something new related to technology yesterday and overall it was decent, not amazing but not terrrible either.",0,synthetic_human,review,technology
"When we talk about social media, it helps to separate a few different aspects. On the other hand, one way to look at social media is to check how it affects people's daily routines, stress levels and long-term plans. On the other hand, it's usually not just about social media itself, but also about expectations, social pressure and available resources. So the real challenge is balancing convenience, long-term impact and personal values. In this context, a simple in this context can help people reason about trade-offs without getting lost in details.",1,synthetic_ai,formal_explanation,social media
"Does anyone else feel weird aboout how education keeps changing every few months, or is it just me? Maybe I'm overthinking it, but still. From my perspective the significant of the whole thing is how people adapt over time. lmao",0,synthetic_human,question,education
"I honestly feel like sports is getting a bit overhyped, but at the same time I sort of understand why people care. I know it shouldn't bother me this much but it does.",0,synthetic_human,opinion,sports
"The way people experience family can vary a lot depending on their background. In addition, one way to look at family is to check how it affects people's daily routines, stress levels and long-term plans. In addition, it's usually not just about family itself, but also about expectations, social pressure and available resources. Overall, there is no single right answer, but paying attention to context usually helps.",1,synthetic_ai,formal_explanation,family
"Does anyone else feel weird about how finance keeeps changing every few months, or is it just me??!",0,synthetic_human,question,finance
"The way people experience movies can vary a lot depending on their background. That said, one way to look at movies is to check how it affects people's daily routines, stress levels and long-term plans. In addition, it's usually not just about movies itself, but also about expectations, social pressure and available resources. Overall, there is no single right answer, but paying attention to context usually helps. In practice, it doesn't always work out as neatly as it sounds.",1,synthetic_ai,formal_explanation,movies
"The way people experience technology can vary a lot depending on their background. In many everyday situations, one way to look at technology is to check how it affects people's daily routines, stress levels and long-term plans. In addition, it's usually not just about technology itself, but also about expectations, social pressure and available resources. Ultimately, the best approach depends on individual goals and constraints. In this context, a simple dynamic can help people reason about trade-offs without getting lost in details.",1,synthetic_ai,formal_explanation,technology
"At a basic level, social media is about how we organize our time, energy and priorities. More broadly speaking, one way to look at social media is to check how it affects people's daily routines, stress levels and long-term plans. On the other hand, it's usually not just about social media itself, but also about expectations, social pressure and available resources. In practice, small consistent habits matter more than any one big decision. In this context, a simple comprehensive can help people reason about trade-offs without getting lost in details.",1,synthetic_ai,formal_explanation,social media
"At a basic level, movies is about how we organize our time, energy and priorities. From a practical point of view, one way to look at movies is to check how it affects people's daily routines, stress levels and long-term plans. From a practical point of view, it's usually not just about movies itself, but also about expectations, social pressure and available resources. In practice, small consistent habits matter more than any one big decision. In practice, it doesn't always work out as neatly as it sounds.",1,synthetic_ai,formal_explanation,movies
"In recent years, online courses has started to influence daily life more than most people expect. In addition, one way to look at online courses is to check how it affects people's daily routines, stress levels and long-term plans. In addition, it's usually not just about online courses itself, but also about expectations, social pressure and available resources. Ultimately, the best approach depends on individual goals and constraints. In this context, a simple in this context can help people reason about trade-offs without getting lost in details.",1,synthetic_ai,formal_explanation,online courses
"At a basic level, remote work is about how we organize our time, energy and priorities. In addition, one way to look at remote work is to check how it affects people's daily routines, stress levels and long-term plans. That said, it's usually not just about remote work itself, but also about expectations, social pressure and available resources. Ultimately, the best approach depends on individual goals and constraints.",1,synthetic_ai,formal_explanation,remote work
"When we talk about mental health, it helps to separate a few different aspects. On the other hand, one way to look at mental health is to check how it affects people's daily routines, stress levels and long-term plans. However, it's usually not just about mental health itself, but also about expectations, social pressure and available resources. So the real challenge is balancing convenience, long-term impact and personal values. In this context, a simple dynamic can help people reason about trade-offs without getting lost in details.",1,synthetic_ai,formal_explanation,mental health
"Last week I had this random experience with movies and it was way more intense than I expected. Maybe I'm overthinking it, but still. 🙂...",0,synthetic_human,personal_story,movies
"When we talk about food, it helps to separate a few different aspects. On the other hand, one way to look at food is to check how it affects people's daily routines, stress levels and long-term plans. More broadly speaking, it's usually not just about food itself, but also about expectations, social pressure and available resources. So the real challenge is balancing convenience, long-term impact and personal values. In this context, a simple underlying can help people reason about trade-offs without getting lost in details.",1,synthetic_ai,formal_explanation,food
"I'm kinda tired of hearing about sports all the time, it just pops up everywhere and it's low-key exhausting. From my perspective the framework of the whole thing is how people adapt over time. idk",0,synthetic_human,rant,sports
"I'm kinda tired of hearing about movies all the time, it just pops up everywhere and it's low-key exhausting. I know it shouldn't bother me this much but it does. tbh 😅",0,synthetic_human,rant,movies
"I'm kinda tired of hearing about health all the time, it just pops up everywhere and it's low-key exhausting. tbh 😅",0,synthetic_human,rant,health
"Does anyone else feel weiird about how food keeps changing every few months, or is it just me? From my perspective the comprehensive of the whole thing is how people adapt over time. 🤦‍♂️",0,synthetic_human,question,food
"I tried something new related to music yesterday and overall it was decent, not amazing but not terrible either. From my perspective the perspective of the whole thing is how people adapt over time. tbh",0,synthetic_human,review,music
"In recent years, movies has started to influence daily life more than most people expect. That said, one way to look at movies is to check how it affects people's daily routines, stress levels and long-term plans. That said, it's usually not just about movies itself, but also about expectations, social pressure and available resources. Ultimately, the best approach depends on individual goals and constraints.",1,synthetic_ai,formal_explanation,movies
"I'm kinda tired of hearing about technology all the time, it just pops up everywhere and it's low-key exhausting. From my perspective the perspective of the whole thing is how people adapt over time. 🤦‍♂️!!!",0,synthetic_human,rant,technology
"Does anyone else feel weird about how movies keeps changing every few months, or is it just me? btw",0,synthetic_human,question,movies
"Does anyone else feel weird about how music keeps changing every few months, or is it just me? tbh?!",0,synthetic_human,question,music
"I'm kinda tired of hearinng about remote work all the time, it just pops up everywhere and it's low-key exhausting.",0,synthetic_human,rant,remote work
"At a basic level, mental health is about how we organize our time, energy and priorities. In many everyday situations, one way to look at mental health is to check how it affects people's daily routines, stress levels and long-term plans. On the other hand, it's usually not just about mental health itself, but also about expectations, social pressure and available resources. Ultimately, the best approach depends on individual goals and constraints. In this context, a simple dimension can help people reason about trade-offs without getting lost in details.",1,synthetic_ai,formal_explanation,mental health
"When we talk about social media, it helps to separate a few different aspects. From a practical point of view, one way to look at social media is to check how it affects people's daily routines, stress levels and long-term plans. In many everyday situations, it's usually not just about social media itself, but also about expectations, social pressure and available resources. So the real challenge is balancing convenience, long-term impact and personal values.",1,synthetic_ai,formal_explanation,social media
"Does anyone else feel weird about how travel keeps changing everry few months, or is it just me?",0,synthetic_human,question,travel
"The way people experience sports can vary a lot depending on their background. More broadly speaking, one way to look at sports is to check how it affects people's daily routines, stress levels and long-term plans. That said, it's usually not just about sports itself, but also about expectations, social pressure and available resources. Overall, there is no single right answer, but paying attention to context usually helps.",1,synthetic_ai,formal_explanation,sports
"Tbh I've been thinking about sports a lot lately and it kinda messes with my schedule sometimes. Maybe I'm overthinking it, but still. kinda 🥲...",0,synthetic_human,casual_chat,sports
"The way people experience remote work can vary a lot depending on their background. More broadly speaking, one way to look at remote work is to check how it affects people's daily routines, stress levels and long-term plans. That said, it's usually not just about remote work itself, but also about expectations, social pressure and available resources. Ultimately, the best approach depends on individual goals and constraints. In this context, a simple underlying can help people reason about trade-offs without getting lost in details.",1,synthetic_ai,formal_explanation,remote work
"At a basic level, mental health is about how we organize our time, energy and priorities. In many everyday situations, one way to look at mental health is to check how it affects people's daily routines, stress levels and long-term plans. In addition, it's usually not just about mental health itself, but also about expectations, social pressure and available resources. So the real challenge is balancing convenience, long-term impact and personal values. In this context, a simple in this context can help people reason about trade-offs without getting lost in details.",1,synthetic_ai,formal_explanation,mental health
"I tried something new related to social media yesterday and overall it was decent, not amazing but not terrible either. Maaybe I'm overthinking it, but still. lol 😂",0,synthetic_human,review,social media
"I'm kinda tired of hearing about finance all the time, it just pops up everywhere and it's low-key exhausting. It sounds small but it really threw off my mood. 😂",0,synthetic_human,rant,finance
"I tried something new related to remote work yesterday and overall it was decent, not amazing but not terrible either. btw",0,synthetic_human,review,remote work
"At a basic level, mental health is about how we organize our time, energy and priorities. In addition, one way to look at mental health is to check how it affects people's daily routines, stress levels and long-term plans. On the other hand, it's usually not just about mental health itself, but also about expectations, social pressure and available resources. In practice, small consistent habits matter more than any one big decision.",1,synthetic_ai,formal_explanation,mental health
"The way people experience family can vary a lot depending on their background. More broadly speaking, one way to look at family is to check how it affects people's daily routines, stress levels and long-term plans. In many everyday situations, it's usually not just about family itself, but also about expectations, social pressure and available resources. Ultimately, the best approach depends on individual goals and constraints.",1,synthetic_ai,formal_explanation,family
"At a basic level, online courses is about how we organize our time, energy and priorities. In many everyday situations, one way to look at online courses is to check how it affects people's daily routines, stress levels and long-term plans. That said, it's usually not just about online courses itself, but also about expectations, social pressure and available resources. Ultimately, the best approach depends on individual goals and constraints.",1,synthetic_ai,formal_explanation,online courses
"In recent years, social media has started to influence daily life more than most people expect. From a practical point of view, one way to look at social media is to check how it affects people's daily routines, stress levels and long-term plans. In addition, it's usually not just about social media itself, but also about expectations, social pressure and available resources. So the real challenge is balancing convenience, long-term impact and personal values.",1,synthetic_ai,formal_explanation,social media
"When we talk about books, it helps to separate a few different aspects. On the other hand, one way to look at books is to check how it affects people's daily routines, stress levels and long-term plans. More broadly speaking, it's usually not just about books itself, but also about expectations, social pressure and available resources. In practice, small consistent habits matter more than any one big decision.",1,synthetic_ai,formal_explanation,books
Tbh I've been thinking about remote work a lot lately and it kinda messees with my schedule sometimes.?!,0,synthetic_human,casual_chat,remote work
"I'm kinda tiired of hearing about food all the time, it just pops up everywhere and it's low-key exhausting. It sounds small but it really threw off my mood. From my perspective the insighht of the whole thing is how people adapt over time. 🤷‍♀️",0,synthetic_human,rant,food
"I'm kinda tired of hearing about sports all the time, it just pops up everywhere and it's low-key exhausting. Maybe I'm overthinking it, but still.",0,synthetic_human,rant,sports
"Does anyone else feel weird about how mental heealth keeps changing every few months, or is it just me? I know it shouldn't bother me this much but it does. lol 🤦‍♂️!!!",0,synthetic_human,question,mental health
Tbh I've been thinking about food a lot lately and it kinda messes with my schedule sometimes.,0,synthetic_human,casual_chat,food
"In recent years, mental health has started to influence daily life more than most people expect. On the other hand, one way to look at mental health is to check how it affects people's daily routines, stress levels and long-term plans. In addition, it's usually not just about mental health itself, but also about expectations, social pressure and available resources. Overall, there is no single right answer, but paying attention to context usually helps.",1,synthetic_ai,formal_explanation,mental health
Last week I had this random experience with social media and it was way more intense than I expected.?!,0,synthetic_human,personal_story,social media
"I'm kinda tired of hearing about health all the time, it just pops up everywhere and it's low-key exhausting. Honestly, it got stuck in my head the whole day.",0,synthetic_human,rant,health
"When we talk about technology, it helps to separate a few different aspects. However, one way to look at technology is to check how it affects people's daily routines, stress levels and long-term plans. From a practical point of view, it's usually not just about technology itself, but also about expectations, social pressure and available resources. In practice, small consistent habits matter more than any one big decision. In this context, a simple underlying can help people reason about trade-offs without getting lost in details.",1,synthetic_ai,formal_explanation,technology
"In recent years, books has started to influence daily life more than most people expect. From a practical point of view, one way to look at books is to check how it affects people's daily routines, stress levels and long-term plans. However, it's usually not just about books itself, but also about expectations, social pressure and available resources. In practice, small consistent habits matter more than any one big decision.",1,synthetic_ai,formal_explanation,books
"In recent years, music has started to influence daily life more than most people expect. However, one way to look at music is to check how it affects people's daily routines, stress levels and long-term plans. On the other hand, it's usually not just about music itself, but also about expectations, social pressure and available resources. Ultimately, the best approach depends on individual goals and constraints. In this context, a simple comprehensive can help people reason about trade-offs without getting lost in details.",1,synthetic_ai,formal_explanation,music
"The way people experience education can vary a lot depending on their background. In addition, one way to look at education is to check how it affects people's daily routines, stress levels and long-term plans. That said, it's usually not just about education itself, but also about expectations, social pressure and available resources. In practice, small consistent habits matter more than any one big decision. In this context, a simple comprehensive can help people reason about trade-offs without getting lost in details. In practice, it doesn't always work out as neatly as it sounds.",1,synthetic_ai,formal_explanation,education
"When we talk about movies, it helps to separate a few different aspects. More broadly speaking, one way to look at movies is to check how it affects people's daily routines, stress levels and long-term plans. In many everyday situations, it's usually not just about movies itself, but also about expectations, social pressure and available resources. So the real challenge is balancing convenience, long-term impact and personal values. In this context, a simple in this context can help people reason about trade-offs without getting lost in details.",1,synthetic_ai,formal_explanation,movies
Last week I had this random experience with family and it was way more intense than I expected....,0,synthetic_human,personal_story,family
"In recent years, social media has started to influence daily life more than most people expect. On the other hand, one way to look at social media is to check how it affects people's daily routines, stress levels and long-term plans. That said, it's usually not just about social media itself, but also about expectations, social pressure and available resources. So the real challenge is balancing convenience, long-term impact and personal values. In this context, a simple robust can help people reason about trade-offs without getting lost in details. In practice, it doesn't always work out as neatly as it sounds.",1,synthetic_ai,formal_explanation,social media
Last week I had this random experience with finance and it was way more intense than I expected.,0,synthetic_human,personal_story,finance
"When we talk about music, it helps to separate a few different aspects. In many everyday situations, one way to look at music is to check how it affects people's daily routines, stress levels and long-term plans. In many everyday situations, it's usually not just about music itself, but also about expectations, social pressure and available resources. Ultimately, the best approach depends on individual goals and constraints. In this context, a simple underlying can help people reason about trade-offs without getting lost in details.",1,synthetic_ai,formal_explanation,music
"Does anyone else feel weird about how social media keeps changing every few months, or is it just me? Honestly, it got stuck in my head the whole day. From my perspective the dynamic of the whole thing is how people adapt over time. 😅?!",0,synthetic_human,question,social media
"I'm kinda tired of hearing about education all the time, it just pops up everywhere and it's low-key exhausting. Maybe I'm overthinking it, but still. From my perspective the significant of the whole thing is how people adapt over time. ngl 🤦‍♂️?!",0,synthetic_human,rant,education
"In recent years, travel has started to influence daily life more than most people expect. More broadly speaking, one way to look at travel is to check how it affects people's daily routines, stress levels and long-term plans. From a practical point of view, it's usually not just about travel itself, but also about expectations, social pressure and available resources. Overall, there is no single right answer, but paying attention to context usually helps. In practice, it doesn't always work out as neatly as it sounds.",1,synthetic_ai,formal_explanation,travel
"At a basic level, family is about how we organize our time, energy and priorities. More broadly speaking, one way to look at family is to check how it affects people's daily routines, stress levels and long-term plans. In addition, it's usually not just about family itself, but also about expectations, social pressure and available resources. In practice, small consistent habits matter more than any one big decision.",1,synthetic_ai,formal_explanation,family
"The way people experience books can vary a lot depending on their background. From a practical point of view, one way to look at books is to check how it affects people's daily routines, stress levels and long-term plans. More broadly speaking, it's usually not just about books itself, but also about expectations, social pressure and available resources. In practice, small consistent habits matter more than any one big decision. In this context, a simple robust can help people reason about trade-offs without getting lost in details.",1,synthetic_ai,formal_explanation,books
"I tried something new related to sports yesterday and overall it was decent, not amazing but not terrible either. tbh!!!",0,synthetic_human,review,sports
"The way people experience music can vary a lot depending on their background. That said, one way to look at music is to check how it affects people's daily routines, stress levels and long-term plans. That said, it's usually not just about music itself, but also about expectations, social pressure and available resources. In practice, small consistent habits matter more than any one big decision. In this context, a simple perspective can help people reason about trade-offs without getting lost in details.",1,synthetic_ai,formal_explanation,music
Tbh I've been thinking about finance a lot lately and it kinda messes with my schedule sometimes.,0,synthetic_human,casual_chat,finance
"At a basic level, food is about how we organize our time, energy and priorities. In many everyday situations, one way to look at food is to check how it affects people's daily routines, stress levels and long-term plans. On the other hand, it's usually not just about food itself, but also about expectations, social pressure and available resources. In practice, small consistent habits matter more than any one big decision. In this context, a simple significant can help people reason about trade-offs without getting lost in details. In practice, it doesn't always work out as neatly as it sounds.",1,synthetic_ai,formal_explanation,food
"In recent years, work has started to influence daily life more than most people expect. From a practical point of view, one way to look at work is to check how it affects people's daily routines, stress levels and long-term plans. More broadly speaking, it's usually not just about work itself, but also about expectations, social pressure and available resources. So the real challenge is balancing convenience, long-term impact and personal values. In practice, it doesn't always work out as neatly as it sounds.",1,synthetic_ai,formal_explanation,work
"I tried something new related to books yesterday and overall it was decent, not amazing but not terrible either. Honestly, it got stuck in my head the whole day. From my perspective the dimension of the whole thing is how people adapt over time. btw",0,synthetic_human,review,books
"The way people experience music can vary a lot depending on their background. More broadly speaking, one way to look at music is to check how it affects people's daily routines, stress levels and long-term plans. In many everyday situations, it's usually not just about music itself, but also about expectations, social pressure and available resources. In practice, small consistent habits matter more than any one big decision. In practice, it doesn't always work out as neatly as it sounds.",1,synthetic_ai,formal_explanation,music
"When we talk about technology, it helps to separate a few different aspects. On the other hand, one way to look at technology is to check how it affects people's daily routines, stress levels and long-term plans. In addition, it's usually not just about technology itself, but also about expectations, social pressure and available resources. Ultimately, the best approach depends on individual goals and constraints. In this context, a simple dimension can help people reason about trade-offs without getting lost in details.",1,synthetic_ai,formal_explanation,technology
Last week I had this random experience with family and it was way more intense than I expected. I know it shouldn't bother me this much but it does. ngl 😂,0,synthetic_human,personal_story,family
"When we talk about food, it helps to separate a few different aspects. More broadly speaking, one way to look at food is to check how it affects people's daily routines, stress levels and long-term plans. That said, it's usually not just about food itself, but also about expectations, social pressure and available resources. So the real challenge is balancing convenience, long-term impact and personal values.",1,synthetic_ai,formal_explanation,food
"I honestly feel like music is getting a bit overhyped, but at the same time I sort of understand why people care.",0,synthetic_human,opinion,music
"When we talk about food, it helps to separate a few different aspects. On the other hand, one way to look at food is to check how it affects people's daily routines, stress levels and long-term plans. More broadly speaking, it's usually not just about food itself, but also about expectations, social pressure and available resources. In practice, small consistent habits matter more than any one big decision. In practice, it doesn't always work out as neatly as it sounds.",1,synthetic_ai,formal_explanation,food
Tbh I've been thinking about family a lot lately and it kinda messes with my schedule sometimes. From my perspective the dynamic of the whole thing is how people adapt over time. omg,0,synthetic_human,casual_chat,family
"At a basic level, travel is about how we organize our time, energy and priorities. That said, one way to look at travel is to check how it affects people's daily routines, stress levels and long-term plans. However, it's usually not just about travel itself, but also about expectations, social pressure and available resources. So the real challenge is balancing convenience, long-term impact and personal values. In this context, a simple dynamic can help people reason about trade-offs without getting lost in details. In practice, it doesn't always work out as neatly as it sounds.",1,synthetic_ai,formal_explanation,travel
"At a basic level, education is about how we organize our time, energy and priorities. From a practical point of view, one way to look at education is to check how it affects people's daily routines, stress levels and long-term plans. However, it's usually not just about education itself, but also about expectations, social pressure and available resources. In practice, small consistent habits matter more than any one big decision. In this context, a simple framework can help people reason about trade-offs without getting lost in details.",1,synthetic_ai,formal_explanation,education
"I tried something new related to food yesterday and overall it was decent, not amazing but not terrible either. Maybe I'm overthinking it, but still. omg",0,synthetic_human,review,food
"In recent years, family has started to influence daily life more than most people expect. On the other hand, one way to look at family is to check how it affects people's daily routines, stress levels and long-term plans. However, it's usually not just about family itself, but also about expectations, social pressure and available resources. So the real challenge is balancing convenience, long-term impact and personal values. In this context, a simple underlying can help people reason about trade-offs without getting lost in details.",1,synthetic_ai,formal_explanation,family
"Does anyone else feel weird about how family keeps changing every few months, or is it just me?",0,synthetic_human,question,family
"The way people experience social media can vary a lot depending on their background. More broadly speaking, one way to look at social media is to check how it affects people's daily routines, stress levels and long-term plans. That said, it's usually not just about social media itself, but also about expectations, social pressure and available resources. In practice, small consistent habits matter more than any one big decision.",1,synthetic_ai,formal_explanation,social media
"I'm kinda tired of hearing about finance all the time, it just pops up everywhere and it's low-key exhausting. 😂?!",0,synthetic_human,rant,finance
"I'm kinda tired of hearing about mental healtth all the time, it just pops up everywhere and it's low-key exhausting. tbh?!",0,synthetic_human,rant,mental health
"I honestly feel like moviies is getting a bit overhyped, but at the same time I sort of understand why peeople care. It sounds small but it really threw off my mood. tbh",0,synthetic_human,opinion,movies
"When we talk about books, it helps to separate a few different aspects. More broadly speaking, one way to look at books is to check how it affects people's daily routines, stress levels and long-term plans. That said, it's usually not just about books itself, but also about expectations, social pressure and available resources. In practice, small consistent habits matter more than any one big decision. In practice, it doesn't always work out as neatly as it sounds.",1,synthetic_ai,formal_explanation,books
Tbh I've been thinking about food a lot lately and it kinda messes with my schedule sometimes. idk,0,synthetic_human,casual_chat,food
"I honestly feel like music is getting a bit overhyped, but at the same time I sort of understand why people care. Honestly, it got stuck in my head the whole day.",0,synthetic_human,opinion,music
"I tried soomething new related to travel yesterday and overall it was decent, not amazing but not terrible either. I know it shouldn't bother me this much but it does. 😅",0,synthetic_human,review,travel
"I honestly feel like family is getting a bit overhyped, but at the same time I sort of understand why people care. I know it shouldn't bother me this much but it does. omg",0,synthetic_human,opinion,family
"The way people experience music can vary a lot depending on their background. In addition, one way to look at music is to check how it affects people's daily routines, stress levels and long-term plans. In many everyday situations, it's usually not just about music itself, but also about expectations, social pressure and available resources. Ultimately, the best approach depends on individual goals and constraints. In this context, a simple insight can help people reason about trade-offs without getting lost in details.",1,synthetic_ai,formal_explanation,music
"In recent years, family has started to influence daily life more than most people expect. In many everyday situations, one way to look at family is to check how it affects people's daily routines, stress levels and long-term plans. On the other hand, it's usually not just about family itself, but also about expectations, social pressure and available resources. In practice, small consistent habits matter more than any one big decision.",1,synthetic_ai,formal_explanation,family
Tbh I've been thinking about mental health a lot lately and it kinda messes with my schedule sometimes. It sounds small but it really threw off my mood....,0,synthetic_human,casual_chat,mental health
"I honestly feel like mental health is getting a bit overhyped, but at the same time I sort of understand why people care. lol",0,synthetic_human,opinion,mental health
"I tried something new related to remote work yesterday and overall it was decent, not amazing but not teerrible either. Honestly, it got stuck in my head the whole day. sort of 😂...",0,synthetic_human,review,remote work
Tbh I've been thinking about online courses a lot lately and it kinda messes with my schedule sometimes. From my perspective the comprehensive of the whole thing is how people addapt over time. 🤷‍♀️,0,synthetic_human,casual_chat,online courses
"I tried something new related to remoote work yesterday and overall it was decent, not amazing but not terrible either. Honestly, it got stuck in my head the whole day. From my perspective the comprehensive of the whole thing is how people adapt over time.",0,synthetic_human,review,remote work
Last week I had this random experience with education and it was way more intense than I expected. It sounds small but it really threw off my mood....,0,synthetic_human,personal_story,education
Tbh I've been thinking about remote work a lot lately and it kinda messes with my schedule sometimes. I know it shouldn't bother me this much but it does.,0,synthetic_human,casual_chat,remote work
"In recent years, remote work has started to influence daily life more than most people expect. However, one way to look at remote work is to check how it affects people's daily routines, stress levels and long-term plans. On the other hand, it's usually not just about remote work itself, but also about expectations, social pressure and available resources. In practice, small consistent habits matter more than any one big decision.",1,synthetic_ai,formal_explanation,remote work
"When we talk about movies, it helps to separate a few different aspects. That said, one way to look at movies is to check how it affects people's daily routines, stress levels and long-term plans. On the other hand, it's usually not just about movies itself, but also about expectations, social pressure and available resources. Overall, there is no single right answer, but paying attention to context usually helps.",1,synthetic_ai,formal_explanation,movies
"When we talk about travel, it helps to separate a few different aspects. On the other hand, one way to look at travel is to check how it affects people's daily routines, stress levels and long-term plans. On the other hand, it's usually not just about travel itself, but also about expectations, social pressure and available resources. In practice, small consistent habits matter more than any one big decision. In this context, a simple dynamic can help people reason about trade-offs without getting lost in details.",1,synthetic_ai,formal_explanation,travel
Tbh I've been thinking about finance a lot lately and it kinda messes with my schedule sometimes. I know it shouldn't botther me this much but it does.,0,synthetic_human,casual_chat,finance
"I tried sommething new related to sports yesterday and overall it was decent, not amazing but not terrible either. Honestly, it got stuck in my head the whole day.",0,synthetic_human,review,sports
"At a basic level, family is about how we organize our time, energy and priorities. From a practical point of view, one way to look at family is to check how it affects people's daily routines, stress levels and long-term plans. From a practical point of view, it's usually not just about family itself, but also about expectations, social pressure and available resources. So the real challenge is balancing convenience, long-term impact and personal values.",1,synthetic_ai,formal_explanation,family
"At a basic level, finance is about how we organize our time, energy and priorities. In addition, one way to look at finance is to check how it affects people's daily routines, stress levels and long-term plans. From a practical point of view, it's usually not just about finance itself, but also about expectations, social pressure and available resources. Overall, there is no single right answer, but paying attention to context usually helps. In this context, a simple insight can help people reason about trade-offs without getting lost in details. In practice, it doesn't always work out as neatly as it sounds.",1,synthetic_ai,formal_explanation,finance
"When we talk about social media, it helps to separate a few different aspects. In addition, one way to look at social media is to check how it affects people's daily routines, stress levels and long-term plans. On the other hand, it's usually not just about social media itself, but also about expectations, social pressure and available resources. So the real challenge is balancing convenience, long-term impact and personal values. In practice, it doesn't always work out as neatly as it sounds.",1,synthetic_ai,formal_explanation,social media
"I'm kinda tired of hearing about sports all the time, it just pops up everywhere and it's low-key exhausting. From my perspective the significant of the whole thing is how people adapt over time....",0,synthetic_human,rant,sports
"In recent years, health has started to influence daily life more than most people expect. In addition, one way to look at health is to check how it affects people's daily routines, stress levels and long-term plans. That said, it's usually not just about health itself, but also about expectations, social pressure and available resources. In practice, small consistent habits matter more than any one big decision. In this context, a simple underlying can help people reason about trade-offs without getting lost in details.",1,synthetic_ai,formal_explanation,health
"Last week I had this random experience with finance and it was way more intense than I expected. Honestly, it got stuck in my head the whole day. btw",0,synthetic_human,personal_story,finance
"I tried something new related to mental health yesterday and overall it was decent, not amazing but not terrible either. From my perspective the insight of the whole thing is how people adapt over time.",0,synthetic_human,review,mental health
"Tbh I've been thinking about music a lot lately and it kinda messes with my schedule sometimes. Maybe I'm overthinking it, but still. lmao",0,synthetic_human,casual_chat,music
"Last week I had this random experience with social media and it was way more intense than I expected. Honestly, it got stuck in my head the whole day. From my perspective the in this context of the whole thing is how people adapt over time....",0,synthetic_human,personal_story,social media
"In recent years, sports has started to influence daily life more than most people expect. However, one way to look at sports is to check how it affects people's daily routines, stress levels and long-term plans. More broadly speaking, it's usually not just about sports itself, but also about expectations, social pressure and available resources. Overall, there is no single right answer, but paying attention to context usually helps.",1,synthetic_ai,formal_explanation,sports
"The way people experience food can vary a lot depending on their background. However, one way to look at food is to check how it affects people's daily routines, stress levels and long-term plans. On the other hand, it's usually not just about food itself, but also about expectations, social pressure and available resources. In practice, small consistent habits matter more than any one big decision.",1,synthetic_ai,formal_explanation,food
Last week I had this random experience with sports and it was way more intense than I expected. From my perspective the underlying of the whole thing is how people adapt over time.,0,synthetic_human,personal_story,sports
"When we talk about education, it helps to separate a few different aspects. That said, one way to look at education is to check how it affects people's daily routines, stress levels and long-term plans. From a practical point of view, it's usually not just about education itself, but also about expectations, social pressure and available resources. Overall, there is no single right answer, but paying attention to context usually helps. In this context, a simple comprehensive can help people reason about trade-offs without getting lost in details.",1,synthetic_ai,formal_explanation,education
Tbh I've been thinking about health a lot lately and it kindda messes with my schedule sometimes.,0,synthetic_human,casual_chat,health
"Does anyone else feel weird about how mental health keeeps changing every few months, or is it just me? Honestly, it got stuck in my head the whole day. From my perspective the dimension of the whole thing is how people adapt over time. haha...",0,synthetic_human,question,mental health
"Tbh I've been thinking about mental health a lot lately and it kinda messees with my schedule sometimes. Honestly, it got stuck in my head the whole day.",0,synthetic_human,casual_chat,mental health
"When we talk about education, it helps to separate a few different aspects. In many everyday situations, one way to look at education is to check how it affects people's daily routines, stress levels and long-term plans. From a practical point of view, it's usually not just about education itself, but also about expectations, social pressure and available resources. Ultimately, the best approach depends on individual goals and constraints. In this context, a simple dynamic can help people reason about trade-offs without getting lost in details.",1,synthetic_ai,formal_explanation,education
"I honestly feel like movies is getting a bit overhyped, but at the same time I sort of understand why people care. From my perspective the perspective of the whole thing is how people adapt over time.",0,synthetic_human,opinion,movies
"At a basic level, online courses is about how we organize our time, energy and priorities. From a practical point of view, one way to look at online courses is to check how it affects people's daily routines, stress levels and long-term plans. In many everyday situations, it's usually not just about online courses itself, but also about expectations, social pressure and available resources. In practice, small consistent habits matter more than any one big decision. In this context, a simple framework can help people reason about trade-offs without getting lost in details.",1,synthetic_ai,formal_explanation,online courses
"I'm kinda tired of hearing about music all the time, it just pops up everywwhere and it's low-key exhausting. 🙂",0,synthetic_human,rant,music
"I'm kinda tiired of hearing about food all the time, it just pops up everywhere and it's low-key exhausting. Honestly, it got stuck in my head the whole day. From my perspective the underlying of the whole thing is how people adapt over time. lol",0,synthetic_human,rant,food
"The way people experience health can vary a lot depending on their background. On the other hand, one way to look at health is to check how it affects people's daily routines, stress levels and long-term plans. In addition, it's usually not just about health itself, but also about expectations, social pressure and available resources. Overall, there is no single right answer, but paying attention to context usually helps. In this context, a simple in this context can help people reason about trade-offs without getting lost in details.",1,synthetic_ai,formal_explanation,health
"I honestly feel like food is getting a bit overhyped, but at the same time I sort of understand why people care.",0,synthetic_human,opinion,food
"When we talk about movies, it helps to separate a few different aspects. In addition, one way to look at movies is to check how it affects people's daily routines, stress levels and long-term plans. On the other hand, it's usually not just about movies itself, but also about expectations, social pressure and available resources. So the real challenge is balancing convenience, long-term impact and personal values. In practice, it doesn't always work out as neatly as it sounds.",1,synthetic_ai,formal_explanation,movies
"At a basic level, sports is about how we organize our time, energy and priorities. That said, one way to look at sports is to check how it affects people's daily routines, stress levels and long-term plans. That said, it's usually not just about sports itself, but also about expectations, social pressure and available resources. So the real challenge is balancing convenience, long-term impact and personal values. In this context, a simple robust can help people reason about trade-offs without getting lost in details.",1,synthetic_ai,formal_explanation,sports
"The way people experience food can vary a lot depending on their background. In addition, one way to look at food is to check how it affects people's daily routines, stress levels and long-term plans. From a practical point of view, it's usually not just about food itself, but also about expectations, social pressure and available resources. Ultimately, the best approach depends on individual goals and constraints. In this context, a simple dimension can help people reason about trade-offs without getting lost in details. In practice, it doesn't always work out as neatly as it sounds.",1,synthetic_ai,formal_explanation,food
"Does anyone else feel weird about how health keeps changing every few months, or is it just me? omg",0,synthetic_human,question,health
Tbh I've been thinking about books a lot lately and it kinda messes with my schedule sometimes.,0,synthetic_human,casual_chat,books
Tbh I've been thinking about music a lot lately and it kinda messes with my schedule sometimes. From my perspective the dynamic of the whole thing is how people adapt over time.?!,0,synthetic_human,casual_chat,music
"The way people experience family can vary a lot depending on their background. From a practical point of view, one way to look at family is to check how it affects people's daily routines, stress levels and long-term plans. On the other hand, it's usually not just about family itself, but also about expectations, social pressure and available resources. So the real challenge is balancing convenience, long-term impact and personal values. In practice, it doesn't always work out as neatly as it sounds.",1,synthetic_ai,formal_explanation,family
"I'm kinda tired of hearing about movies all the time, it just pops up everywhere and it's low-key exhausting. btw!!!",0,synthetic_human,rant,movies
"I tried something new related to education yesterday and overall it was decent, not amazing but not terrible either. From my perspective the robust of the whole thing is how people adapt over time.",0,synthetic_human,review,education
"Does anyone else feel weird about how mental health keeps changing every few months, or is it just me? Maybe I'm overthinking it, but still.",0,synthetic_human,question,mental health
"In recent years, food has started to influence daily life more than most people expect. From a practical point of view, one way to look at food is to check how it affects people's daily routines, stress levels and long-term plans. On the other hand, it's usually not just about food itself, but also about expectations, social pressure and available resources. So the real challenge is balancing convenience, long-term impact and personal values. In practice, it doesn't always work out as neatly as it sounds.",1,synthetic_ai,formal_explanation,food
"The way people experience family can vary a lot depending on their background. In addition, one way to look at family is to check how it affects people's daily routines, stress levels and long-term plans. From a practical point of view, it's usually not just about family itself, but also about expectations, social pressure and available resources. So the real challenge is balancing convenience, long-term impact and personal values. In this context, a simple comprehensive can help people reason about trade-offs without getting lost in details. In practice, it doesn't always work out as neatly as it sounds.",1,synthetic_ai,formal_explanation,family
"The way people experience work can vary a lot depending on their background. In many everyday situations, one way to look at work is to check how it affects people's daily routines, stress levels and long-term plans. From a practical point of view, it's usually not just about work itself, but also about expectations, social pressure and available resources. Overall, there is no single right answer, but paying attention to context usually helps. In this context, a simple perspective can help people reason about trade-offs without getting lost in details.",1,synthetic_ai,formal_explanation,work
"At a basic level, travel is about how we organize our time, energy and priorities. From a practical point of view, one way to look at travel is to check how it affects people's daily routines, stress levels and long-term plans. From a practical point of view, it's usually not just about travel itself, but also about expectations, social pressure and available resources. Overall, there is no single right answer, but paying attention to context usually helps. In this context, a simple dimension can help people reason about trade-offs without getting lost in details.",1,synthetic_ai,formal_explanation,travel
"Last week I had this random experience with education and it was way more intense than I expected. Maybe I'm overthinking it, but still. 🤦‍♂️",0,synthetic_human,personal_story,education
Tbh I've been thinking about social media a lot lately and it kinda messes with my schedule sometimes. I know it shouldn't bother me this much but it does. From my perspective the dynamic of the whole thing is how people adapt over time. 🙃,0,synthetic_human,casual_chat,social media
"Does anyone else feel weird about how work keeps changing every few months, or is it just me? idk 😅",0,synthetic_human,question,work
"At a basic level, education is about how we organize our time, energy and priorities. On the other hand, one way to look at education is to check how it affects people's daily routines, stress levels and long-term plans. More broadly speaking, it's usually not just about education itself, but also about expectations, social pressure and available resources. In practice, small consistent habits matter more than any one big decision. In this context, a simple dynamic can help people reason about trade-offs without getting lost in details.",1,synthetic_ai,formal_explanation,education
"I honestly feel like finance is getting a bit overhyped, but at the same time I sort of understand why people care.",0,synthetic_human,opinion,finance
"I tried something new related to mental health yesterday and overall it was decent, not amazing but not terrible either. It sounds small but it really threw off my mood. omg 😂",0,synthetic_human,review,mental health
Tbh I've been thinking about education a lot lately and it kinda messes with my schedule sometimes. omg 🥲,0,synthetic_human,casual_chat,education
"In recent years, work has started to influence daily life more than most people expect. In addition, one way to look at work is to check how it affects people's daily routines, stress levels and long-term plans. From a practical point of view, it's usually not just about work itself, but also about expectations, social pressure and available resources. In practice, small consistent habits matter more than any one big decision. In this context, a simple underlying can help people reason about trade-offs without getting lost in details.",1,synthetic_ai,formal_explanation,work
"I tried something new related to food yesterday and overall it was decent, not amazing but not terrible either....",0,synthetic_human,review,food
"Does anyone else feel weird about how online courses keeps changing every few months, or is it just me? From my perspective the robust of the whole thing is how people adapt over time.",0,synthetic_human,question,online courses
Tbh I've been thinking about online courses a lot lately and it kinda messes with my schedule sometimes. I know it shouldn't bother me this much but it does.,0,synthetic_human,casual_chat,online courses
"The way people experience health can vary a lot depending on their background. However, one way to look at health is to check how it affects people's daily routines, stress levels and long-term plans. More broadly speaking, it's usually not just about health itself, but also about expectations, social pressure and available resources. Ultimately, the best approach depends on individual goals and constraints.",1,synthetic_ai,formal_explanation,health
"When we talk about social media, it helps to separate a few different aspects. More broadly speaking, one way to look at social media is to check how it affects people's daily routines, stress levels and long-term plans. That said, it's usually not just about social media itself, but also about expectations, social pressure and available resources. In practice, small consistent habits matter more than any one big decision. In this context, a simple underlying can help people reason about trade-offs without getting lost in details.",1,synthetic_ai,formal_explanation,social media
"I honestly feel like mental health is getting a bit overhyped, but at the same time I sort of understand why peeople care. Maybe I'm overthinking it, but still....",0,synthetic_human,opinion,mental health
"When we talk about social media, it helps to separate a few different aspects. From a practical point of view, one way to look at social media is to check how it affects people's daily routines, stress levels and long-term plans. In addition, it's usually not just about social media itself, but also about expectations, social pressure and available resources. Ultimately, the best approach depends on individual goals and constraints. In this context, a simple perspective can help people reason about trade-offs without getting lost in details. In practice, it doesn't always work out as neatly as it sounds.",1,synthetic_ai,formal_explanation,social media
"When we talk about technology, it helps to separate a few different aspects. In many everyday situations, one way to look at technology is to check how it affects people's daily routines, stress levels and long-term plans. In addition, it's usually not just about technology itself, but also about expectations, social pressure and available resources. In practice, small consistent habits matter more than any one big decision. In this context, a simple framework can help people reason about trade-offs without getting lost in details.",1,synthetic_ai,formal_explanation,technology
"At a basic level, family is about how we organize our time, energy and priorities. However, one way to look at family is to check how it affects people's daily routines, stress levels and long-term plans. More broadly speaking, it's usually not just about family itself, but also about expectations, social pressure and available resources. Ultimately, the best approach depends on individual goals and constraints.",1,synthetic_ai,formal_explanation,family
"The way people experience sports can vary a lot depending on their background. From a practical point of view, one way to look at sports is to check how it affects people's daily routines, stress levels and long-term plans. In addition, it's usually not just about sports itself, but also about expectations, social pressure and available resources. In practice, small consistent habits matter more than any one big decision. In this context, a simple dimension can help people reason about trade-offs without getting lost in details.",1,synthetic_ai,formal_explanation,sports
"At a basic level, travel is about how we organize our time, energy and priorities. More broadly speaking, one way to look at travel is to check how it affects people's daily routines, stress levels and long-term plans. More broadly speaking, it's usually not just about travel itself, but also about expectations, social pressure and available resources. Overall, there is no single right answer, but paying attention to context usually helps. In this context, a simple dimension can help people reason about trade-offs without getting lost in details.",1,synthetic_ai,formal_explanation,travel
"At a basic level, health is about how we organize our time, energy and priorities. In addition, one way to look at health is to check how it affects people's daily routines, stress levels and long-term plans. On the other hand, it's usually not just about health itself, but also about expectations, social pressure and available resources. So the real challenge is balancing convenience, long-term impact and personal values. In this context, a simple dynamic can help people reason about trade-offs without getting lost in details.",1,synthetic_ai,formal_explanation,health
"When we talk about mental health, it helps to separate a few different aspects. That said, one way to look at mental health is to check how it affects people's daily routines, stress levels and long-term plans. However, it's usually not just about mental health itself, but also about expectations, social pressure and available resources. So the real challenge is balancing convenience, long-term impact and personal values. In this context, a simple underlying can help people reason about trade-offs without getting lost in details.",1,synthetic_ai,formal_explanation,mental health
Last week I had this random experience with food and it was way more intense than I expected. It sounds small but it really threw off my mood. From my perspective the dynamic of the whole thing is how peopple adapt over time.,0,synthetic_human,personal_story,food
Last week I had this random experience with music and it was way more intense than I expected.,0,synthetic_human,personal_story,music
"I honestly feel like food is getting a bit overhyped, but at the same time I sort of understand why people care....",0,synthetic_human,opinion,food
"I'm kinda tired of hearing about technology all the time, it just pops up everywhere and it's low-key exhausting. From my perspective the dynamic of the whole thing is how people adapt over time. 🙃",0,synthetic_human,rant,technology
"The way people experience food can vary a lot depending on their background. In addition, one way to look at food is to check how it affects people's daily routines, stress levels and long-term plans. That said, it's usually not just about food itself, but also about expectations, social pressure and available resources. So the real challenge is balancing convenience, long-term impact and personal values. In this context, a simple underlying can help people reason about trade-offs without getting lost in details.",1,synthetic_ai,formal_explanation,food
"I triied something new related to online courses yesterday and overall it was decent, not amazing but not terrible either. It sounds small but it really threw off my mood. 🤷‍♀️",0,synthetic_human,review,online courses
Tbh I've been thinking about sports a lot lately and it kinda messes with my schedule sometimes. I know it shouldn't bother me this much but it does.,0,synthetic_human,casual_chat,sports
"I honestly feel like movies is getting a bit overhyped, but at the same time I sort of understand why people care. Maybe I'm overthinking it, but still. From my perspective the perspective of the whole thing is how peeople adapt over time. lol",0,synthetic_human,opinion,movies
"Does anyone else feel weird about how food keeps changing every few months, or is it just me?",0,synthetic_human,question,food
"At a basic level, books is about how we organize our time, energy and priorities. More broadly speaking, one way to look at books is to check how it affects people's daily routines, stress levels and long-term plans. In addition, it's usually not just about books itself, but also about expectations, social pressure and available resources. In practice, small consistent habits matter more than any one big decision. In this context, a simple comprehensive can help people reason about trade-offs without getting lost in details.",1,synthetic_ai,formal_explanation,books
"In recent years, online courses has started to influence daily life more than most people expect. In addition, one way to look at online courses is to check how it affects people's daily routines, stress levels and long-term plans. In many everyday situations, it's usually not just about online courses itself, but also about expectations, social pressure and available resources. Overall, there is no single right answer, but paying attention to context usually helps.",1,synthetic_ai,formal_explanation,online courses
"The way people experience finance can vary a lot depending on their background. In addition, one way to look at finance is to check how it affects people's daily routines, stress levels and long-term plans. From a practical point of view, it's usually not just about finance itself, but also about expectations, social pressure and available resources. Overall, there is no single right answer, but paying attention to context usually helps.",1,synthetic_ai,formal_explanation,finance
"I honestly feel like remote work is getting a bit overhyped, but at the same time I sort of understand why people care. haha",0,synthetic_human,opinion,remote work
"Does anyone else feel weird abouut how social media keeps changing every few months, or is it just me? Honestly, it got stuck in my head the whole day. From my perspective the dynamic of the whole thing is how people adapt over time.",0,synthetic_human,question,social media
"When we talk about mental health, it helps to separate a few different aspects. More broadly speaking, one way to look at mental health is to check how it affects people's daily routines, stress levels and long-term plans. On the other hand, it's usually not just about mental health itself, but also about expectations, social pressure and available resources. In practice, small consistent habits matter more than any one big decision. In this context, a simple framework can help people reason about trade-offs without getting lost in details. In practice, it doesn't always work out as neatly as it sounds.",1,synthetic_ai,formal_explanation,mental health
"I'm kinda tired of hearing about movies all the time, it just pops up everywhere and it's low-key exhausting. From my perspective the robust of the whole thing is how people adapt over time. omg!!!",0,synthetic_human,rant,movies
"The way people experience remote work can vary a lot depending on their background. On the other hand, one way to look at remote work is to check how it affects people's daily routines, stress levels and long-term plans. In addition, it's usually not just about remote work itself, but also about expectations, social pressure and available resources. Ultimately, the best approach depends on individual goals and constraints. In this context, a simple comprehensive can help people reason about trade-offs without getting lost in details.",1,synthetic_ai,formal_explanation,remote work
Tbh I've been thinking about finance a lot lately and it kiinda messes with my schedule sometimes. From my perspective the comprehensive of the whole thing is how people adapt over time.,0,synthetic_human,casual_chat,finance
"In recent years, social media has started to influence daily life more than most people expect. In many everyday situations, one way to look at social media is to check how it affects people's daily routines, stress levels and long-term plans. That said, it's usually not just about social media itself, but also about expectations, social pressure and available resources. Ultimately, the best approach depends on individual goals and constraints. In this context, a simple dimension can help people reason about trade-offs without getting lost in details. In practice, it doesn't always work out as neatly as it sounds.",1,synthetic_ai,formal_explanation,social media
"When we talk about social media, it helps to separate a few different aspects. More broadly speaking, one way to look at social media is to check how it affects people's daily routines, stress levels and long-term plans. On the other hand, it's usually not just about social media itself, but also about expectations, social pressure and available resources. Ultimately, the best approach depends on individual goals and constraints.",1,synthetic_ai,formal_explanation,social media
Tbh I've been thinking about muusic a lot lately and it kinda messes with my schedule sometimes. From my perspective the in this context of the whole thinng is how people adapt over time.,0,synthetic_human,casual_chat,music
"I'm kinda tired of hearing about books all the time, it just pops up everywhere and it's low-key exhausting. Honestly, it got stucck in my head the whhole day. From my perspective the dynamic of the whole thing is how people adapt over time. 🤦‍♂️",0,synthetic_human,rant,books
"At a basic level, books is about how we organize our time, energy and priorities. From a practical point of view, one way to look at books is to check how it affects people's daily routines, stress levels and long-term plans. In many everyday situations, it's usually not just about books itself, but also about expectations, social pressure and available resources. Ultimately, the best approach depends on individual goals and constraints.",1,synthetic_ai,formal_explanation,books
"The way people experience health can vary a lot depending on their background. In addition, one way to look at health is to check how it affects people's daily routines, stress levels and long-term plans. From a practical point of view, it's usually not just about health itself, but also about expectations, social pressure and available resources. So the real challenge is balancing convenience, long-term impact and personal values.",1,synthetic_ai,formal_explanation,health
"In recent years, food has started to influence daily life more than most people expect. However, one way to look at food is to check how it affects people's daily routines, stress levels and long-term plans. On the other hand, it's usually not just about food itself, but also about expectations, social pressure and available resources. In practice, small consistent habits matter more than any one big decision. In this context, a simple comprehensive can help people reason about trade-offs without getting lost in details. In practice, it doesn't always work out as neatly as it sounds.",1,synthetic_ai,formal_explanation,food
"At a basic level, technology is about how we organize our time, energy and priorities. From a practical point of view, one way to look at technology is to check how it affects people's daily routines, stress levels and long-term plans. That said, it's usually not just about technology itself, but also about expectations, social pressure and available resources. So the real challenge is balancing convenience, long-term impact and personal values.",1,synthetic_ai,formal_explanation,technology
Last week I had this random experience with sports and it was way more intennse than I expected. From my perspective the in this context of the whole thing is how people adapt over time. lmao,0,synthetic_human,personal_story,sports
Last week I had this random experience with finance and it was way more intense than I expected. sort of?!,0,synthetic_human,personal_story,finance
"I'm kinda tired of hearing about movies all the time, it just pops up everywhere and it's low-key exhausting. 🤦‍♂️",0,synthetic_human,rant,movies
"I tried something new related to online courses yesterday and overall it was decent, not amazing but not terrible either. idk",0,synthetic_human,review,online courses
"I tried something new related to food yesterday and overall it was decent, not amazing but not terrible either. From my perspective the perspective of the whole thing is how people adapt over time.",0,synthetic_human,review,food
"I'm kinda tired of hearing about online courses all the time, it just pops up everywhere and it's low-key exhausting. I know it shouldn't bother me this much but it does.?!",0,synthetic_human,rant,online courses
"At a basic level, health is about how we organize our time, energy and priorities. On the other hand, one way to look at health is to check how it affects people's daily routines, stress levels and long-term plans. On the other hand, it's usually not just about health itself, but also about expectations, social pressure and available resources. Overall, there is no single right answer, but paying attention to context usually helps. In practice, it doesn't always work out as neatly as it sounds.",1,synthetic_ai,formal_explanation,health
"When we talk about music, it helps to separate a few different aspects. On the other hand, one way to look at music is to check how it affects people's daily routines, stress levels and long-term plans. More broadly speaking, it's usually not just about music itself, but also about expectations, social pressure and available resources. Ultimately, the best approach depends on individual goals and constraints. In this context, a simple underlying can help people reason about trade-offs without getting lost in details. In practice, it doesn't always work out as neatly as it sounds.",1,synthetic_ai,formal_explanation,music
"I honestly feel like remote work is getting a bit overhyped, but at the same time I sort of understand why people care. From my perspective the significant of the whole thing is how people adapt over time. kinda",0,synthetic_human,opinion,remote work
"In recent years, books has started to influence daily life more than most people expect. In addition, one way to look at books is to check how it affects people's daily routines, stress levels and long-term plans. In many everyday situations, it's usually not just about books itself, but also about expectations, social pressure and available resources. So the real challenge is balancing convenience, long-term impact and personal values. In this context, a simple in this context can help people reason about trade-offs without getting lost in details.",1,synthetic_ai,formal_explanation,books
Tbh I've been thinking about food a lot lately and it kinda messes with my schedule sometimes. From my perspective the framework of the whole thinng is how people adapt over time. 🤷‍♀️...,0,synthetic_human,casual_chat,food
"I'm kinda tired of hearing about mental health all the time, it just pops up everywhere and it's low-key exhausting.",0,synthetic_human,rant,mental health
"At a basic level, technology is about how we organize our time, energy and priorities. More broadly speaking, one way to look at technology is to check how it affects people's daily routines, stress levels and long-term plans. From a practical point of view, it's usually not just about technology itself, but also about expectations, social pressure and available resources. Overall, there is no single right answer, but paying attention to context usually helps. In this context, a simple framework can help people reason about trade-offs without getting lost in details. In practice, it doesn't always work out as neatly as it sounds.",1,synthetic_ai,formal_explanation,technology
Tbh I've been thinking about mental health a lot lately and it kinda messes with my schedule sometimes....,0,synthetic_human,casual_chat,mental health
"I honestly feel like family is getting a bit overhyped, but at the same time I sort of understand why people care. It sounds small but it really threw off my mood. omg!!!",0,synthetic_human,opinion,family
"I tried something new related to music yesterday and overall it was decent, not amazing but not terrible either. 🙂",0,synthetic_human,review,music
Tbh I've been thinking about sports a lot lateely and it kinda messes with my schedule sometimes. ngl,0,synthetic_human,casual_chat,sports
"I'm kinda tired of hearing about movies all the time, it just pops up everrywhere and it's low-key exhausting. Maybe I'm overthinking it, but still. btw",0,synthetic_human,rant,movies
"Does anyone else feel weird about how technology keeps changing every few months, or is it just me? ngl",0,synthetic_human,question,technology
"I'm kinda tired of hearing about remote work all the time, it just pops up everywhere and it's low-key exhausting. It sounds small but it really threw off my mood. From my perspectivve the perspective of the whole thing is how people adapt over time. kinda 😅",0,synthetic_human,rant,remote work
"I'm kinda tired of hearing about mental health all the time, it just pops up everywhere and it's low-key exhausting. 🙂?!",0,synthetic_human,rant,mental health
"When we talk about health, it helps to separate a few different aspects. However, one way to look at health is to check how it affects people's daily routines, stress levels and long-term plans. In many everyday situations, it's usually not just about health itself, but also about expectations, social pressure and available resources. In practice, small consistent habits matter more than any one big decision. In this context, a simple underlying can help people reason about trade-offs without getting lost in details.",1,synthetic_ai,formal_explanation,health
"I tried something new related to finance yesterday and overall it was decent, not amazing but not terrible either. 😂",0,synthetic_human,review,finance
"I tried something new related to finance yesterday and overall it was decent, not amazing but not terrible either.!!!",0,synthetic_human,review,finance
Tbh I've been thinking about online courses a lot lately and it kinda messes with my schedule sometimes. It sounds small but it really threw off my mood. From my perspective the framework of the whole thing is how people adapt over time. ngl,0,synthetic_human,casual_chat,online courses
"I honestly feel like food is getting a bit overhyped, but at the same time I sort of understand why people care. From my perspective the in this context of the whole thing is how people adapt over time. btw",0,synthetic_human,opinion,food
"The way people experience travel can vary a lot depending on their background. However, one way to look at travel is to check how it affects people's daily routines, stress levels and long-term plans. In addition, it's usually not just about travel itself, but also about expectations, social pressure and available resources. Overall, there is no single right answer, but paying attention to context usually helps. In practice, it doesn't always work out as neatly as it sounds.",1,synthetic_ai,formal_explanation,travel
"Does anyone else feel weird about how finance keeps changing every few months, or is it just me? Maybe I'm overthinking it, but still.",0,synthetic_human,question,finance
"Last week I had this random experience with technology and it was way more intense than I expected. Honestly, it got stuck in my head the whole day. btw",0,synthetic_human,personal_story,technology
"In recent years, books has started to influence daily life more than most people expect. On the other hand, one way to look at books is to check how it affects people's daily routines, stress levels and long-term plans. On the other hand, it's usually not just about books itself, but also about expectations, social pressure and available resources. Ultimately, the best approach depends on individual goals and constraints.",1,synthetic_ai,formal_explanation,books
"Does anyone else feel weird about how music keeps changing every few months, or is it just me? I know it shouldn't bother me this much but it does. idk 🥲",0,synthetic_human,question,music
"In recent years, remote work has started to influence daily life more than most people expect. However, one way to look at remote work is to check how it affects people's daily routines, stress levels and long-term plans. From a practical point of view, it's usually not just about remote work itself, but also about expectations, social pressure and available resources. Overall, there is no single right answer, but paying attention to context usually helps. In this context, a simple in this context can help people reason about trade-offs without getting lost in details. In practice, it doesn't always work out as neatly as it sounds.",1,synthetic_ai,formal_explanation,remote work
"Tbh I've been thinking about movies a lot lately and it kinda messes with my schedule sometimes. Maybe I'm overthinking it, but still. 🤷‍♀️",0,synthetic_human,casual_chat,movies
"I'm kinda tired of hearing about education all the time, it just pops up everywhere and it's low-key exhausting. Maybe I'm overthinking it, but still. From my perspective the dynamic of the whole thing is how people adapt over time.",0,synthetic_human,rant,education
Tbh I've been thinking about sports a lot lately and it kinda messes with my schedule sometimes. I know it shouldn't bother me this much but it does. From my perspective the perspective of the whole thing is how people adapt over time. omg 😅!!!,0,synthetic_human,casual_chat,sports
"At a basic level, technology is about how we organize our time, energy and priorities. That said, one way to look at technology is to check how it affects people's daily routines, stress levels and long-term plans. That said, it's usually not just about technology itself, but also about expectations, social pressure and available resources. Ultimately, the best approach depends on individual goals and constraints. In this context, a simple dynamic can help people reason about trade-offs without getting lost in details. In practice, it doesn't always work out as neatly as it sounds.",1,synthetic_ai,formal_explanation,technology
"I tried something new rellated to books yesterday and overall it was decent, not amazing but not terrible either. 🙃",0,synthetic_human,review,books
"I tried something new related to technology yesterday and overall it was decent, not amazing but not terrible either. Maybe I'm overthinking it, but still. ngl 🤦‍♂️...",0,synthetic_human,review,technology
"At a basic level, travel is about how we organize our time, energy and priorities. From a practical point of view, one way to look at travel is to check how it affects people's daily routines, stress levels and long-term plans. On the other hand, it's usually not just about travel itself, but also about expectations, social pressure and available resources. In practice, small consistent habits matter more than any one big decision. In this context, a simple comprehensive can help people reason about trade-offs without getting lost in details.",1,synthetic_ai,formal_explanation,travel
"The way people experience social media can vary a lot depending on their background. That said, one way to look at social media is to check how it affects people's daily routines, stress levels and long-term plans. However, it's usually not just about social media itself, but also about expectations, social pressure and available resources. So the real challenge is balancing convenience, long-term impact and personal values. In this context, a simple perspective can help people reason about trade-offs without getting lost in details.",1,synthetic_ai,formal_explanation,social media
"I tried something new related to technology yesterday and overall it was decent, not amazing but not terrible either. I know it shouldn't bother me this much but it does. From my perspective the significant of the whole thing is how people adapt over time.",0,synthetic_human,review,technology
"I honestly feel like remote work is getting a bit overhyped, but at the same time I sort of understand why people care. It sounds small but it really threw off my mood. 🤦‍♂️...",0,synthetic_human,opinion,remote work
"In recent years, mental health has started to influence daily life more than most people expect. That said, one way to look at mental health is to check how it affects people's daily routines, stress levels and long-term plans. That said, it's usually not just about mental health itself, but also about expectations, social pressure and available resources. Ultimately, the best approach depends on individual goals and constraints. In this context, a simple dimension can help people reason about trade-offs without getting lost in details. In practice, it doesn't always work out as neatly as it sounds.",1,synthetic_ai,formal_explanation,mental health
"I tried something new related to online courses yesterday and overall it was decent, not amazing but not terrible either. Honestly, it got stuck in my head the whole day. tbh",0,synthetic_human,review,online courses
"I tried something new related to travel yesterday and overall it was decent, not amazing but not terrible either. sort of",0,synthetic_human,review,travel
"At a basic level, social media is about how we organize our time, energy and priorities. However, one way to look at social media is to check how it affects people's daily routines, stress levels and long-term plans. In addition, it's usually not just about social media itself, but also about expectations, social pressure and available resources. In practice, small consistent habits matter more than any one big decision. In this context, a simple underlying can help people reason about trade-offs without getting lost in details.",1,synthetic_ai,formal_explanation,social media
"When we talk about music, it helps to separate a few different aspects. In addition, one way to look at music is to check how it affects people's daily routines, stress levels and long-term plans. On the other hand, it's usually not just about music itself, but also about expectations, social pressure and available resources. In practice, small consistent habits matter more than any one big decision. In this context, a simple underlying can help people reason about trade-offs without getting lost in details.",1,synthetic_ai,formal_explanation,music
"I tried something new related to books yesterday and overall it was decent, not amazing but not terrible either. It sounds small but it really threw off my mood. From my perspective the dynamic of the whole thing is how people adapt over time. 🙃?!",0,synthetic_human,review,books
"In recent years, health has started to influence daily life more than most people expect. In addition, one way to look at health is to check how it affects people's daily routines, stress levels and long-term plans. In addition, it's usually not just about health itself, but also about expectations, social pressure and available resources. In practice, small consistent habits matter more than any one big decision.",1,synthetic_ai,formal_explanation,health
"When we talk about technology, it helps to separate a few different aspects. More broadly speaking, one way to look at technology is to check how it affects people's daily routines, stress levels and long-term plans. That said, it's usually not just about technology itself, but also about expectations, social pressure and available resources. Ultimately, the best approach depends on individual goals and constraints. In this context, a simple comprehensive can help people reason about trade-offs without getting lost in details.",1,synthetic_ai,formal_explanation,technology
"I'm kinda tired of hearing about social media all the time, it just pops up everywhere and it's low-key exhausting. It sounds small but it really threw off my mood. 🙃?!",0,synthetic_human,rant,social media
Last week I had this random experience with education and it was way more intense than I expected. From my perspective the underlying of the whole thing is how peoople adapt over time. 🤷‍♀️,0,synthetic_human,personal_story,education
"The way people experience social media can vary a lot depending on their background. However, one way to look at social media is to check how it affects people's daily routines, stress levels and long-term plans. In addition, it's usually not just about social media itself, but also about expectations, social pressure and available resources. Overall, there is no single right answer, but paying attention to context usually helps. In this context, a simple insight can help people reason about trade-offs without getting lost in details.",1,synthetic_ai,formal_explanation,social media
"I'm kinda tired of hearing about books all the time, it just pops up everywhere and it's low-key exhausting. From my perspective the underlying of the whole thing is how people adapt over time. tbh...",0,synthetic_human,rant,books
"In recent years, travel has started to influence daily life more than most people expect. That said, one way to look at travel is to check how it affects people's daily routines, stress levels and long-term plans. In many everyday situations, it's usually not just about travel itself, but also about expectations, social pressure and available resources. Ultimately, the best approach depends on individual goals and constraints. In this context, a simple insight can help people reason about trade-offs without getting lost in details.",1,synthetic_ai,formal_explanation,travel
"I tried something new related to sports yesterday and overall it was decent, not amazing but not terrible either. ngl",0,synthetic_human,review,sports
"I tried something new related to health yesterday and overall it was decent, not amazing but not terrible either. Honestly, it got stuck in my head the whole day.",0,synthetic_human,review,health
Last week I had this random experience with music and it was way more intense than I expected. I know it shouldn't bother me this much but it does.,0,synthetic_human,personal_story,music
"The way people experience books can vary a lot depending on their background. On the other hand, one way to look at books is to check how it affects people's daily routines, stress levels and long-term plans. However, it's usually not just about books itself, but also about expectations, social pressure and available resources. So the real challenge is balancing convenience, long-term impact and personal values. In this context, a simple dynamic can help people reason about trade-offs without getting lost in details.",1,synthetic_ai,formal_explanation,books
"The way people experience online courses can vary a lot depending on their background. On the other hand, one way to look at online courses is to check how it affects people's daily routines, stress levels and long-term plans. More broadly speaking, it's usually not just about online courses itself, but also about expectations, social pressure and available resources. In practice, small consistent habits matter more than any one big decision.",1,synthetic_ai,formal_explanation,online courses
"I tried something new related to movies yesterday and overall it was decent, not amazing but not terrible either.",0,synthetic_human,review,movies
"Does anyone else feel weird about how movies keeps changing every few months, or is it just me? I know it shouldn't bother me this much but it does. From my perspective the dimension of the whole thing is how people adapt over time. haha?!",0,synthetic_human,question,movies
"When we talk about music, it helps to separate a few different aspects. However, one way to look at music is to check how it affects people's daily routines, stress levels and long-term plans. In many everyday situations, it's usually not just about music itself, but also about expectations, social pressure and available resources. So the real challenge is balancing convenience, long-term impact and personal values. In this context, a simple significant can help people reason about trade-offs without getting lost in details.",1,synthetic_ai,formal_explanation,music
"The way people experience travel can vary a lot depending on their background. In many everyday situations, one way to look at travel is to check how it affects people's daily routines, stress levels and long-term plans. That said, it's usually not just about travel itself, but also about expectations, social pressure and available resources. Ultimately, the best approach depends on individual goals and constraints. In this context, a simple insight can help people reason about trade-offs without getting lost in details.",1,synthetic_ai,formal_explanation,travel
"When we talk about remote work, it helps to separate a few different aspects. From a practical point of view, one way to look at remote work is to check how it affects people's daily routines, stress levels and long-term plans. In addition, it's usually not just about remote work itself, but also about expectations, social pressure and available resources. In practice, small consistent habits matter more than any one big decision.",1,synthetic_ai,formal_explanation,remote work
"In recent years, food has started to influence daily life more than most people expect. From a practical point of view, one way to look at food is to check how it affects people's daily routines, stress levels and long-term plans. On the other hand, it's usually not just about food itself, but also about expectations, social pressure and available resources. Overall, there is no single right answer, but paying attention to context usually helps. In this context, a simple insight can help people reason about trade-offs without getting lost in details. In practice, it doesn't always work out as neatly as it sounds.",1,synthetic_ai,formal_explanation,food
"The way people experience online courses can vary a lot depending on their background. From a practical point of view, one way to look at online courses is to check how it affects people's daily routines, stress levels and long-term plans. More broadly speaking, it's usually not just about online courses itself, but also about expectations, social pressure and available resources. So the real challenge is balancing convenience, long-term impact and personal values. In this context, a simple perspective can help people reason about trade-offs without getting lost in details. In practice, it doesn't always work out as neatly as it sounds.",1,synthetic_ai,formal_explanation,online courses
"I honestly feel like travel is getting a bit overhyped, but at the same time I sort of understand why people care. From my perspective the insight of the whole thing is how people adapt over time. omg 🙃",0,synthetic_human,opinion,travel
"Last week I had this random experience with education and it was way more intense than I expected. Honestly, it got stuck in my head the whole day. sort of!!!",0,synthetic_human,personal_story,education
"The way people experience travel can vary a lot depending on their background. More broadly speaking, one way to look at travel is to check how it affects people's daily routines, stress levels and long-term plans. From a practical point of view, it's usually not just about travel itself, but also about expectations, social pressure and available resources. Ultimately, the best approach depends on individual goals and constraints. In this context, a simple significant can help people reason about trade-offs without getting lost in details. In practice, it doesn't always work out as neatly as it sounds.",1,synthetic_ai,formal_explanation,travel
"In recent years, sports has started to influence daily life more than most people expect. From a practical point of view, one way to look at sports is to check how it affects people's daily routines, stress levels and long-term plans. On the other hand, it's usually not just about sports itself, but also about expectations, social pressure and available resources. Ultimately, the best approach depends on individual goals and constraints. In this context, a simple framework can help people reason about trade-offs without getting lost in details.",1,synthetic_ai,formal_explanation,sports
"The way people experience finance can vary a lot depending on their background. That said, one way to look at finance is to check how it affects people's daily routines, stress levels and long-term plans. On the other hand, it's usually not just about finance itself, but also about expectations, social pressure and available resources. Ultimately, the best approach depends on individual goals and constraints. In this context, a simple underlying can help people reason about trade-offs without getting lost in details. In practice, it doesn't always work out as neatly as it sounds.",1,synthetic_ai,formal_explanation,finance
"When we talk about movies, it helps to separate a few different aspects. On the other hand, one way to look at movies is to check how it affects people's daily routines, stress levels and long-term plans. In addition, it's usually not just about movies itself, but also about expectations, social pressure and available resources. So the real challenge is balancing convenience, long-term impact and personal values. In practice, it doesn't always work out as neatly as it sounds.",1,synthetic_ai,formal_explanation,movies
"I tried something new related to online courses yesterday and overall it was decent, not amazing but not terrible either.!!!",0,synthetic_human,review,online courses
"In recent years, online courses has started to influence daily life more than most people expect. From a practical point of view, one way to look at online courses is to check how it affects people's daily routines, stress levels and long-term plans. However, it's usually not just about online courses itself, but also about expectations, social pressure and available resources. Ultimately, the best approach depends on individual goals and constraints. In practice, it doesn't always work out as neatly as it sounds.",1,synthetic_ai,formal_explanation,online courses
"When we talk about work, it helps to separate a few different aspects. From a practical point of view, one way to look at work is to check how it affects people's daily routines, stress levels and long-term plans. On the other hand, it's usually not just about work itself, but also about expectations, social pressure and available resources. In practice, small consistent habits matter more than any one big decision.",1,synthetic_ai,formal_explanation,work
"At a basic level, travel is about how we organize our time, energy and priorities. More broadly speaking, one way to look at travel is to check how it affects people's daily routines, stress levels and long-term plans. From a practical point of view, it's usually not just about travel itself, but also about expectations, social pressure and available resources. In practice, small consistent habits matter more than any one big decision. In this context, a simple insight can help people reason about trade-offs without getting lost in details.",1,synthetic_ai,formal_explanation,travel
"At a basic level, books is about how we organize our time, energy and priorities. On the other hand, one way to look at books is to check how it affects people's daily routines, stress levels and long-term plans. On the other hand, it's usually not just about books itself, but also about expectations, social pressure and available resources. Overall, there is no single right answer, but paying attention to context usually helps. In this context, a simple comprehensive can help people reason about trade-offs without getting lost in details.",1,synthetic_ai,formal_explanation,books
"The way people experience health can vary a lot depending on their background. On the other hand, one way to look at health is to check how it affects people's daily routines, stress levels and long-term plans. More broadly speaking, it's usually not just about health itself, but also about expectations, social pressure and available resources. In practice, small consistent habits matter more than any one big decision. In this context, a simple dimension can help people reason about trade-offs without getting lost in details.",1,synthetic_ai,formal_explanation,health
"I tried something new related to books yesterday and overall it was decent, not amazing but not terrible either. Maybe I'm overthinking it, but still. haha...",0,synthetic_human,review,books
"I tried something new related to online courses yesterday and overall it was decent, not amazing but not terrible either. Honestly, it got stuck in my head the whole day.?!",0,synthetic_human,review,online courses
"At a basic level, work is about how we organize our time, energy and priorities. More broadly speaking, one way to look at work is to check how it affects people's daily routines, stress levels and long-term plans. That said, it's usually not just about work itself, but also about expectations, social pressure and available resources. Overall, there is no single right answer, but paying attention to context usually helps.",1,synthetic_ai,formal_explanation,work
"Last week I had this random experience with food and it was way more intense than I expected. Maybe I'm overthinking it, but still. 😅",0,synthetic_human,personal_story,food
"At a basic level, technology is about how we organize our time, energy and priorities. That said, one way to look at technology is to check how it affects people's daily routines, stress levels and long-term plans. On the other hand, it's usually not just about technology itself, but also about expectations, social pressure and available resources. In practice, small consistent habits matter more than any one big decision. In practice, it doesn't always work out as neatly as it sounds.",1,synthetic_ai,formal_explanation,technology
"I honestly feel like sports is getting a bit overhyped, but at the same time I sort of understand why people care. kinda?!",0,synthetic_human,opinion,sports
"I tried something new related to work yesterday and overall it was decent, not amazing but not terrible either.!!!",0,synthetic_human,review,work
"I'm kinda tired of hearing about work all the time, it just pops up everywhere and it's low-key exhausting. It sounds small but it really threw off my mood. From my perspective the comprehensive of the whole thing is how people adapt over time. ngl",0,synthetic_human,rant,work
"I'm kinda tired of hearing about music all the time, it just pops up everywhere and it's low-key exhausting. Honestly, it got stuck in my head the whole day.!!!",0,synthetic_human,rant,music
"When we talk about movies, it helps to separate a few different aspects. More broadly speaking, one way to look at movies is to check how it affects people's daily routines, stress levels and long-term plans. In addition, it's usually not just about movies itself, but also about expectations, social pressure and available resources. Ultimately, the best approach depends on individual goals and constraints. In this context, a simple dynamic can help people reason about trade-offs without getting lost in details.",1,synthetic_ai,formal_explanation,movies
"Last week I had this random experience with education and it was way more intense than I expected. Maybe I'm overthinking it, but still. From my perspective the dimension of the whole thing is how people adapt over time. lol!!!",0,synthetic_human,personal_story,education
"Does anyone else feel weird about how family keeps changing every few months, or is it just me? Honestly, it got stuck in my head the whole day. sort of 🙃",0,synthetic_human,question,family
"I tried something new related to health yesterday and overall it was decent, not amazing but not terrible either. kinda",0,synthetic_human,review,health
"I'm kinda tired of hearing about movies all the time, it just pops up everywhere and it's low-key exhausting....",0,synthetic_human,rant,movies
"I tried something new related to work yesterday and overall it was decent, not amazing but not terrible either. I know it shouldn't bother me this much but it does. From my perspective the robust of the whole thing is how people adapt over time. btw 🤷‍♀️",0,synthetic_human,review,work
Last week I had this random experience with family and it was way more intense than I expected. It sounds small but it really threw off my mood. lol...,0,synthetic_human,personal_story,family
"I'm kinda tired of hearing abouut travel all the time, it just pops up everywhere and it's low-key exhausting. Honestly, it got stuck in my head the whole day. 🤦‍♂️",0,synthetic_human,rant,travel
"Tbh I've been thinking about movies a lot lately and it kinda messes with my schedule sometimes. Honestly, it got stuck in my head the whole day. omg",0,synthetic_human,casual_chat,movies
"I tried something new related to family yesterday and overall it was decent, not amazing but not terrible either. Honestly, it got stuck in my head the whole day. From my perspective the dimension of the whole thing is how people adapt over time.!!!",0,synthetic_human,review,family
"When we talk about food, it helps to separate a few different aspects. From a practical point of view, one way to look at food is to check how it affects people's daily routines, stress levels and long-term plans. In addition, it's usually not just about food itself, but also about expectations, social pressure and available resources. Ultimately, the best approach depends on individual goals and constraints. In this context, a simple in this context can help people reason about trade-offs without getting lost in details.",1,synthetic_ai,formal_explanation,food
"At a basic level, music is about how we organize our time, energy and priorities. More broadly speaking, one way to look at music is to check how it affects people's daily routines, stress levels and long-term plans. However, it's usually not just about music itself, but also about expectations, social pressure and available resources. Overall, there is no single right answer, but paying attention to context usually helps.",1,synthetic_ai,formal_explanation,music
"Does anyone else feel weird about how health keeps changing every few months, or is it just me? I know it shouldn't bother me this much but it does. From my perspective the insight of the whole thing is how people adapt over time. lmao",0,synthetic_human,question,health
"At a basic level, mental health is about how we organize our time, energy and priorities. More broadly speaking, one way to look at mental health is to check how it affects people's daily routines, stress levels and long-term plans. However, it's usually not just about mental health itself, but also about expectations, social pressure and available resources. Overall, there is no single right answer, but paying attention to context usually helps.",1,synthetic_ai,formal_explanation,mental health
"At a basic level, sports is about how we organize our time, energy and priorities. In many everyday situations, one way to look at sports is to check how it affects people's daily routines, stress levels and long-term plans. However, it's usually not just about sports itself, but also about expectations, social pressure and available resources. Ultimately, the best approach depends on individual goals and constraints. In this context, a simple significant can help people reason about trade-offs without getting lost in details.",1,synthetic_ai,formal_explanation,sports
"When we talk about finance, it helps to separate a few different aspects. That said, one way to look at finance is to check how it affects people's daily routines, stress levels and long-term plans. On the other hand, it's usually not just about finance itself, but also about expectations, social pressure and available resources. In practice, small consistent habits matter more than any one big decision.",1,synthetic_ai,formal_explanation,finance
"At a basic level, online courses is about how we organize our time, energy and priorities. However, one way to look at online courses is to check how it affects people's daily routines, stress levels and long-term plans. From a practical point of view, it's usually not just about online courses itself, but also about expectations, social pressure and available resources. Overall, there is no single right answer, but paying attention to context usually helps. In this context, a simple in this context can help people reason about trade-offs without getting lost in details.",1,synthetic_ai,formal_explanation,online courses
"The way people experience music can vary a lot depending on their background. On the other hand, one way to look at music is to check how it affects people's daily routines, stress levels and long-term plans. From a practical point of view, it's usually not just about music itself, but also about expectations, social pressure and available resources. Overall, there is no single right answer, but paying attention to context usually helps.",1,synthetic_ai,formal_explanation,music
"The way people experience mental health can vary a lot depending on their background. In many everyday situations, one way to look at mental health is to check how it affects people's daily routines, stress levels and long-term plans. In many everyday situations, it's usually not just about mental health itself, but also about expectations, social pressure and available resources. Overall, there is no single right answer, but paying attention to context usually helps.",1,synthetic_ai,formal_explanation,mental health
"I tried something new related to family yesterday and overall it was decent, not amazing but not terrible either. I know it shouldn't bother me this much but it does. kinda 🙂?!",0,synthetic_human,review,family
"In recent years, music has started to influence daily life more than most people expect. That said, one way to look at music is to check how it affects people's daily routines, stress levels and long-term plans. On the other hand, it's usually not just about music itself, but also about expectations, social pressure and available resources. So the real challenge is balancing convenience, long-term impact and personal values. In this context, a simple in this context can help people reason about trade-offs without getting lost in details.",1,synthetic_ai,formal_explanation,music
"At a basic level, health is about how we organize our time, energy and priorities. That said, one way to look at health is to check how it affects people's daily routines, stress levels and long-term plans. That said, it's usually not just about health itself, but also about expectations, social pressure and available resources. So the real challenge is balancing convenience, long-term impact and personal values. In this context, a simple comprehensive can help people reason about trade-offs without getting lost in details.",1,synthetic_ai,formal_explanation,health
"In recent years, travel has started to influence daily life more than most people expect. From a practical point of view, one way to look at travel is to check how it affects people's daily routines, stress levels and long-term plans. More broadly speaking, it's usually not just about travel itself, but also about expectations, social pressure and available resources. Ultimately, the best approach depends on individual goals and constraints. In practice, it doesn't always work out as neatly as it sounds.",1,synthetic_ai,formal_explanation,travel
"When we talk about sports, it helps to separate a few different aspects. In many everyday situations, one way to look at sports is to check how it affects people's daily routines, stress levels and long-term plans. More broadly speaking, it's usually not just about sports itself, but also about expectations, social pressure and available resources. Ultimately, the best approach depends on individual goals and constraints.",1,synthetic_ai,formal_explanation,sports
"I tried something new related to health yesterday and overall it was decent, not amazing but not terrible either. idk!!!",0,synthetic_human,review,health
"I tried something new related to family yesterday and overall it was decent, not amazing but not terrrible either. I know it shouldn't bother me this much but it does.?!",0,synthetic_human,review,family
"I honestly feel like remote work is getting a bit overhyped, but at the same time I sort of understand why people care. 🙃",0,synthetic_human,opinion,remote work
"At a basic level, education is about how we organize our time, energy and priorities. However, one way to look at education is to check how it affects people's daily routines, stress levels and long-term plans. In many everyday situations, it's usually not just about education itself, but also about expectations, social pressure and available resources. In practice, small consistent habits matter more than any one big decision. In this context, a simple comprehensive can help people reason about trade-offs without getting lost in details.",1,synthetic_ai,formal_explanation,education
"When we talk about remote work, it helps to separate a few different aspects. In many everyday situations, one way to look at remote work is to check how it affects people's daily routines, stress levels and long-term plans. However, it's usually not just about remote work itself, but also about expectations, social pressure and available resources. In practice, small consistent habits matter more than any one big decision. In this context, a simple perspective can help people reason about trade-offs without getting lost in details. In practice, it doesn't always work out as neatly as it sounds.",1,synthetic_ai,formal_explanation,remote work
"At a basic level, books is about how we organize our time, energy and priorities. In many everyday situations, one way to look at books is to check how it affects people's daily routines, stress levels and long-term plans. More broadly speaking, it's usually not just about books itself, but also about expectations, social pressure and available resources. Overall, there is no single right answer, but paying attention to context usually helps. In this context, a simple dimension can help people reason about trade-offs without getting lost in details.",1,synthetic_ai,formal_explanation,books
Last week I had this random experience with movies and it was way more intense than I expected. ngl,0,synthetic_human,personal_story,movies
"I'm kinda tired of hearing about education all the time, it just pops up everywhere and it's low-key exhausting. I know it shouldn't bother me this much but it does. From my perspective the robust of the whole thing is how people adapt over time....",0,synthetic_human,rant,education
"I'm kinda tired of hearing about mental health all the time, it just pops up everywhere and it's low-key exhausting. Maybe I'm overthinking it, but still.?!",0,synthetic_human,rant,mental health
"Does anyone else feel weird abouut how health keeps changing every few months, or is it just me? I know it shouldn't bother me this much but it does. From my perspective the comprehensive of the whole thing is how people adapt over time.",0,synthetic_human,question,health
"When we talk about remote work, it helps to separate a few different aspects. More broadly speaking, one way to look at remote work is to check how it affects people's daily routines, stress levels and long-term plans. From a practical point of view, it's usually not just about remote work itself, but also about expectations, social pressure and available resources. So the real challenge is balancing convenience, long-term impact and personal values. In this context, a simple perspective can help people reason about trade-offs without getting lost in details.",1,synthetic_ai,formal_explanation,remote work
"At a basic level, food is about how we organize our time, energy and priorities. More broadly speaking, one way to look at food is to check how it affects people's daily routines, stress levels and long-term plans. However, it's usually not just about food itself, but also about expectations, social pressure and available resources. Ultimately, the best approach depends on individual goals and constraints.",1,synthetic_ai,formal_explanation,food
"I tried something new related to food yesterday and overall it was decent, not amazing but not terrible either. It sounds small but it really threw off my mood. ngl",0,synthetic_human,review,food
"Does anyone else feel weird about how social media keeps changing every few months, or is it just me? 😂...",0,synthetic_human,question,social media
"I'm kinda tired of hearing about food all the time, it just pops up everywhere and it's low-key exhausting. Maybe I'm overthinking it, but still. omg!!!",0,synthetic_human,rant,food
"I tried something new related to books yesterday and overall it was decent, not amazing but not terrible either.",0,synthetic_human,review,books
"The way people experience travel can vary a lot depending on their background. On the other hand, one way to look at travel is to check how it affects people's daily routines, stress levels and long-term plans. In addition, it's usually not just about travel itself, but also about expectations, social pressure and available resources. Ultimately, the best approach depends on individual goals and constraints. In this context, a simple in this context can help people reason about trade-offs without getting lost in details.",1,synthetic_ai,formal_explanation,travel
Tbh I've been thinking about books a lot lately and it kinda messes with my schedule sometimes. I know it shouldn't bother me this much but it does. From my perspective the comprehensive of the whole thhing is how people adapt over time. lmao 🙂,0,synthetic_human,casual_chat,books
"Does anyone else feel weird about how work keeps changing every few months, or is it just me? Honestly, it got stuck in my head the whole day. 🤦‍♂️?!",0,synthetic_human,question,work
"I tried something new related to books yesterday and overall it was decent, not amazing but not terrible either. 😅?!",0,synthetic_human,review,books
"The way people experience mental health can vary a lot depending on their background. In addition, one way to look at mental health is to check how it affects people's daily routines, stress levels and long-term plans. More broadly speaking, it's usually not just about mental health itself, but also about expectations, social pressure and available resources. In practice, small consistent habits matter more than any one big decision.",1,synthetic_ai,formal_explanation,mental health
"I'm kinda tired of hearing about work all the time, it just pops up everywhere and it's low-key exhausting. Honestly, it got stuck in my head the whole day.!!!",0,synthetic_human,rant,work
"I honestly feel like movies is getting a bit overhyped, but at the same time I sort of understand why people care. Honestly, it got stuck in my head the whole day.!!!",0,synthetic_human,opinion,movies
"At a basic level, food is about how we organize our time, energy and priorities. In addition, one way to look at food is to check how it affects people's daily routines, stress levels and long-term plans. On the other hand, it's usually not just about food itself, but also about expectations, social pressure and available resources. In practice, small consistent habits matter more than any one big decision.",1,synthetic_ai,formal_explanation,food
"When we talk about movies, it helps to separate a few different aspects. In many everyday situations, one way to look at movies is to check how it affects people's daily routines, stress levels and long-term plans. More broadly speaking, it's usually not just about movies itself, but also about expectations, social pressure and available resources. So the real challenge is balancing convenience, long-term impact and personal values. In this context, a simple robust can help people reason about trade-offs without getting lost in details.",1,synthetic_ai,formal_explanation,movies
"When we talk about sports, it helps to separate a few different aspects. More broadly speaking, one way to look at sports is to check how it affects people's daily routines, stress levels and long-term plans. That said, it's usually not just about sports itself, but also about expectations, social pressure and available resources. So the real challenge is balancing convenience, long-term impact and personal values.",1,synthetic_ai,formal_explanation,sports
"At a basic level, movies is about how we organize our time, energy and priorities. From a practical point of view, one way to look at movies is to check how it affects people's daily routines, stress levels and long-term plans. In addition, it's usually not just about movies itself, but also about expectations, social pressure and available resources. In practice, small consistent habits matter more than any one big decision.",1,synthetic_ai,formal_explanation,movies
"At a basic level, finance is about how we organize our time, energy and priorities. In addition, one way to look at finance is to check how it affects people's daily routines, stress levels and long-term plans. However, it's usually not just about finance itself, but also about expectations, social pressure and available resources. So the real challenge is balancing convenience, long-term impact and personal values. In this context, a simple perspective can help people reason about trade-offs without getting lost in details. In practice, it doesn't always work out as neatly as it sounds.",1,synthetic_ai,formal_explanation,finance
"When we talk about sports, it helps to separate a few different aspects. More broadly speaking, one way to look at sports is to check how it affects people's daily routines, stress levels and long-term plans. More broadly speaking, it's usually not just about sports itself, but also about expectations, social pressure and available resources. In practice, small consistent habits matter more than any one big decision. In this context, a simple perspective can help people reason about trade-offs without getting lost in details.",1,synthetic_ai,formal_explanation,sports
"I honestly feel like work is getting a bit overhyped, but at the same time I sort of understand why people care.",0,synthetic_human,opinion,work
"I tried something new related to work yesterday and overall it was decent, not amazing but not terrible either. Honestly, it got stuck in my head the whole day. From my perspective the significant of the whole thing is how people adapt over time....",0,synthetic_human,review,work
"Does anyone else feel weird about how music keeps changing every few months, or is it just me? Maybe I'm overthinking it, but still. 🥲",0,synthetic_human,question,music
"At a basic level, movies is about how we organize our time, energy and priorities. In addition, one way to look at movies is to check how it affects people's daily routines, stress levels and long-term plans. In addition, it's usually not just about movies itself, but also about expectations, social pressure and available resources. Ultimately, the best approach depends on individual goals and constraints. In this context, a simple comprehensive can help people reason about trade-offs without getting lost in details. In practice, it doesn't always work out as neatly as it sounds.",1,synthetic_ai,formal_explanation,movies
"I tried something new related to mental health yesterday and overall it was decent, not amazing but not terrible either. It sounds small but it really threw off my mood. sort of",0,synthetic_human,review,mental health
"Does anyone else feel weird about how music keeps changing every few months, or is it just me? Maybe I'm overthinking it, but still.",0,synthetic_human,question,music
"I honestly feel like movies is getting a bit overhyped, but at the same time I sort of understand why people care. I know it shouldn't bother me this much but it does. 🙃...",0,synthetic_human,opinion,movies
"Does anyone else feel weird about how music keeps changing every few months, or is it just me? I know it shouldn't bother me this much but it does.",0,synthetic_human,question,music
Tbh I've been thinking about mental health a lot lately and it kinda messes with my schedule sometimes. It sounds smaall but it really threw off my mood. From my perspective the robust of the whole thing is how people adapt over time. 😂!!!,0,synthetic_human,casual_chat,mental health
"When we talk about travel, it helps to separate a few different aspects. That said, one way to look at travel is to check how it affects people's daily routines, stress levels and long-term plans. However, it's usually not just about travel itself, but also about expectations, social pressure and available resources. So the real challenge is balancing convenience, long-term impact and personal values.",1,synthetic_ai,formal_explanation,travel
"In recent years, books has started to influence daily life more than most people expect. From a practical point of view, one way to look at books is to check how it affects people's daily routines, stress levels and long-term plans. From a practical point of view, it's usually not just about books itself, but also about expectations, social pressure and available resources. So the real challenge is balancing convenience, long-term impact and personal values. In practice, it doesn't always work out as neatly as it sounds.",1,synthetic_ai,formal_explanation,books
"When we talk about food, it helps to separate a few different aspects. From a practical point of view, one way to look at food is to check how it affects people's daily routines, stress levels and long-term plans. In many everyday situations, it's usually not just about food itself, but also about expectations, social pressure and available resources. So the real challenge is balancing convenience, long-term impact and personal values.",1,synthetic_ai,formal_explanation,food
Tbh I've been thinking about work a lot lately and it kinda messes with my schedule sometimes. From my perspective the in this context of the whole thing is how people adapt over time. 🤷‍♀️,0,synthetic_human,casual_chat,work
"Tbh I've been thiinking about music a lot lately and it kinda messes with my schedule sometimes. Maybe I'm overthinking it, but still. ngl",0,synthetic_human,casual_chat,music
"I honestly feel like books is getting a bit overhyped, but at the same time I sort of understand why people care. Honestly, it got stuck in my head the whole day. sort of!!!",0,synthetic_human,opinion,books
"I tried something new related to technology yesterday and overall it was decent, not amazing but not terrible either. Maybe I'm overthinking it, but still.",0,synthetic_human,review,technology
"I tried something new related to remote work yesterday and overall it was decent, not amazing but not terrible either. It sounds small but it really threw off my mood. btw",0,synthetic_human,review,remote work
"When we talk about finance, it helps to separate a few different aspects. That said, one way to look at finance is to check how it affects people's daily routines, stress levels and long-term plans. More broadly speaking, it's usually not just about finance itself, but also about expectations, social pressure and available resources. Overall, there is no single right answer, but paying attention to context usually helps. In practice, it doesn't always work out as neatly as it sounds.",1,synthetic_ai,formal_explanation,finance
"At a basic level, work is about how we organize our time, energy and priorities. In many everyday situations, one way to look at work is to check how it affects people's daily routines, stress levels and long-term plans. In addition, it's usually not just about work itself, but also about expectations, social pressure and available resources. In practice, small consistent habits matter more than any one big decision.",1,synthetic_ai,formal_explanation,work
"When we talk about online courses, it helps to separate a few different aspects. More broadly speaking, one way to look at online courses is to check how it affects people's daily routines, stress levels and long-term plans. On the other hand, it's usually not just about online courses itself, but also about expectations, social pressure and available resources. Ultimately, the best approach depends on individual goals and constraints. In this context, a simple insight can help people reason about trade-offs without getting lost in details. In practice, it doesn't always work out as neatly as it sounds.",1,synthetic_ai,formal_explanation,online courses
"I honestly feel like remote work is getting a bit overhyped, but at the same time I sort of understand why people care. I know it shouldn't bother me this much but it does.",0,synthetic_human,opinion,remote work
Tbh I've been thinking about finance a lot lately and it kinda messes with my schedule sometimes.,0,synthetic_human,casual_chat,finance
"At a basic level, education is about how we organize our time, energy and priorities. On the other hand, one way to look at education is to check how it affects people's daily routines, stress levels and long-term plans. However, it's usually not just about education itself, but also about expectations, social pressure and available resources. Ultimately, the best approach depends on individual goals and constraints.",1,synthetic_ai,formal_explanation,education
"When we talk about finance, it helps to separate a few different aspects. In many everyday situations, one way to look at finance is to check how it affects people's daily routines, stress levels and long-term plans. However, it's usually not just about finance itself, but also about expectations, social pressure and available resources. Ultimately, the best approach depends on individual goals and constraints. In this context, a simple robust can help people reason about trade-offs without getting lost in details.",1,synthetic_ai,formal_explanation,finance
"When we talk about music, it helps to separate a few different aspects. In addition, one way to look at music is to check how it affects people's daily routines, stress levels and long-term plans. On the other hand, it's usually not just about music itself, but also about expectations, social pressure and available resources. Ultimately, the best approach depends on individual goals and constraints.",1,synthetic_ai,formal_explanation,music
"The way people experience music can vary a lot depending on their background. More broadly speaking, one way to look at music is to check how it affects people's daily routines, stress levels and long-term plans. On the other hand, it's usually not just about music itself, but also about expectations, social pressure and available resources. So the real challenge is balancing convenience, long-term impact and personal values.",1,synthetic_ai,formal_explanation,music
"I tried something new related to technology yesterday and overall it was decent, not amazing but not terrible either. It sounds small but it really threw off my mood. From my perspective the dynamic of the whole thing is how people adapt over time.",0,synthetic_human,review,technology
"The way people experience remote work can vary a lot depending on their background. From a practical point of view, one way to look at remote work is to check how it affects people's daily routines, stress levels and long-term plans. From a practical point of view, it's usually not just about remote work itself, but also about expectations, social pressure and available resources. In practice, small consistent habits matter more than any one big decision. In this context, a simple comprehensive can help people reason about trade-offs without getting lost in details.",1,synthetic_ai,formal_explanation,remote work
"When we talk about finance, it helps to separate a few different aspects. From a practical point of view, one way to look at finance is to check how it affects people's daily routines, stress levels and long-term plans. On the other hand, it's usually not just about finance itself, but also about expectations, social pressure and available resources. Ultimately, the best approach depends on individual goals and constraints. In this context, a simple perspective can help people reason about trade-offs without getting lost in details. In practice, it doesn't always work out as neatly as it sounds.",1,synthetic_ai,formal_explanation,finance
"Does anyone else feel weird about how finance keeps changing every few months, or is it just me? It sounds small but it really threw off my mood. From my perspective the underlying of the whole thing is how people adapt over time. lmao",0,synthetic_human,question,finance
"At a basic level, movies is about how we organize our time, energy and priorities. On the other hand, one way to look at movies is to check how it affects people's daily routines, stress levels and long-term plans. More broadly speaking, it's usually not just about movies itself, but also about expectations, social pressure and available resources. Overall, there is no single right answer, but paying attention to context usually helps. In this context, a simple dynamic can help people reason about trade-offs without getting lost in details.",1,synthetic_ai,formal_explanation,movies
Last week I had this random experience with remote work and it was way more intense than I expected. tbh,0,synthetic_human,personal_story,remote work
Tbh I've been thinking about travel a lot lately and it kinda messes with my schedule sometimes. From my perspective the robust of the whole thing is how people adapt over time. omg 😅,0,synthetic_human,casual_chat,travel
"I'm kinda tired of hearing about music all the time, it just pops up everywhere and it's low-key exhausting. I know it shouldn't bother me this much but it does. 😅!!!",0,synthetic_human,rant,music
"In recent years, movies has started to influence daily life more than most people expect. However, one way to look at movies is to check how it affects people's daily routines, stress levels and long-term plans. More broadly speaking, it's usually not just about movies itself, but also about expectations, social pressure and available resources. Ultimately, the best approach depends on individual goals and constraints. In practice, it doesn't always work out as neatly as it sounds.",1,synthetic_ai,formal_explanation,movies
"Does anyone else feel weird about how sports keeps changing every few months, or is it just me? Honestly, it got stuck in my head the whole day.",0,synthetic_human,question,sports
"I tried something new related to musiic yesterday and overall it was decent, not amazing but not terrible either. From my perspective the framework of the whole thing is how people adapt over time.",0,synthetic_human,review,music
"In recent years, sports has started to influence daily life more than most people expect. In addition, one way to look at sports is to check how it affects people's daily routines, stress levels and long-term plans. In addition, it's usually not just about sports itself, but also about expectations, social pressure and available resources. So the real challenge is balancing convenience, long-term impact and personal values. In this context, a simple insight can help people reason about trade-offs without getting lost in details.",1,synthetic_ai,formal_explanation,sports
"I tried something new related to food yesterday and overall it was decent, not amazing but not terrible either. I know it shouldn't bother me this much but it does. btw 🙃!!!",0,synthetic_human,review,food
"I'm kinda tired of hearing about mental health all the time, it just pops up everywhere and it's low-key exhausting. ngl",0,synthetic_human,rant,mental health
"When we talk about remote work, it helps to separate a few different aspects. From a practical point of view, one way to look at remote work is to check how it affects people's daily routines, stress levels and long-term plans. More broadly speaking, it's usually not just about remote work itself, but also about expectations, social pressure and available resources. Overall, there is no single right answer, but paying attention to context usually helps. In this context, a simple underlying can help people reason about trade-offs without getting lost in details.",1,synthetic_ai,formal_explanation,remote work
"The way people experience finance can vary a lot depending on their background. However, one way to look at finance is to check how it affects people's daily routines, stress levels and long-term plans. That said, it's usually not just about finance itself, but also about expectations, social pressure and available resources. Ultimately, the best approach depends on individual goals and constraints. In this context, a simple dynamic can help people reason about trade-offs without getting lost in details.",1,synthetic_ai,formal_explanation,finance
"I tried something new related to finance yesterday and overall it was decent, not amazing but not terrible either. It sounds small but it really threw off my mood. ngl!!!",0,synthetic_human,review,finance
"Does anyone else feel weird about how remote work keeps changing every few months, or is it just me? Maybe I'm overthinking it, but still.",0,synthetic_human,question,remote work
"The way people experience education can vary a lot depending on their background. More broadly speaking, one way to look at education is to check how it affects people's daily routines, stress levels and long-term plans. That said, it's usually not just about education itself, but also about expectations, social pressure and available resources. So the real challenge is balancing convenience, long-term impact and personal values. In this context, a simple robust can help people reason about trade-offs without getting lost in details. In practice, it doesn't always work out as neatly as it sounds.",1,synthetic_ai,formal_explanation,education
"When we talk about sports, it helps to separate a few different aspects. In many everyday situations, one way to look at sports is to check how it affects people's daily routines, stress levels and long-term plans. From a practical point of view, it's usually not just about sports itself, but also about expectations, social pressure and available resources. In practice, small consistent habits matter more than any one big decision. In this context, a simple dimension can help people reason about trade-offs without getting lost in details.",1,synthetic_ai,formal_explanation,sports
Tbh I've been thinking about movies a lot lately and it kinda messes with my schedule sometimes. It sounds small but it reaally threw off my mood. omg,0,synthetic_human,casual_chat,movies
"When we talk about remote work, it helps to separate a few different aspects. However, one way to look at remote work is to check how it affects people's daily routines, stress levels and long-term plans. From a practical point of view, it's usually not just about remote work itself, but also about expectations, social pressure and available resources. In practice, small consistent habits matter more than any one big decision.",1,synthetic_ai,formal_explanation,remote work
"Tbh I've been thinking about family a lot lately and it kinda messes with my schedule sometimes. Honestly, it got stuck in my head the whole day. From my perspective the robust of the whole thiing is how people adapt over time.",0,synthetic_human,casual_chat,family
"At a basic level, health is about how we organize our time, energy and priorities. In addition, one way to look at health is to check how it affects people's daily routines, stress levels and long-term plans. That said, it's usually not just about health itself, but also about expectations, social pressure and available resources. In practice, small consistent habits matter more than any one big decision.",1,synthetic_ai,formal_explanation,health
"I honestly feel like remote work is getting a bit overhyped, but at the same time I sort of understand why people care. I know it shouldn't bother me this much but it does.",0,synthetic_human,opinion,remote work
"When we talk about books, it helps to separate a few different aspects. On the other hand, one way to look at books is to check how it affects people's daily routines, stress levels and long-term plans. More broadly speaking, it's usually not just about books itself, but also about expectations, social pressure and available resources. Ultimately, the best approach depends on individual goals and constraints. In this context, a simple dimension can help people reason about trade-offs without getting lost in details. In practice, it doesn't always work out as neatly as it sounds.",1,synthetic_ai,formal_explanation,books
"I honestly feel like travel is getting a bit overhyped, but at the same time I sort of understand why people care. Maybe I'm overthinking it, but still. From my perspectivve the dimension of the whole thing is how people adapt over time. haha",0,synthetic_human,opinion,travel
"The way people experience online courses can vary a lot depending on their background. That said, one way to look at online courses is to check how it affects people's daily routines, stress levels and long-term plans. More broadly speaking, it's usually not just about online courses itself, but also about expectations, social pressure and available resources. So the real challenge is balancing convenience, long-term impact and personal values. In practice, it doesn't always work out as neatly as it sounds.",1,synthetic_ai,formal_explanation,online courses
"I tried something new related to online courses yesterday and overall it was decent, not amazing but not terrible either. Maybe I'm overthinking it, but still. From my persspective the framework of the whole thing is how people adapt over time. haha 😂...",0,synthetic_human,review,online courses
"Tbh I've been thinking about books a lot lately and it kinda messes with my schedule sometimes. Maybe I'm overthinking it, but still.",0,synthetic_human,casual_chat,books
"I tried something new related to social media yesterday and overall it was decent, not amazing but not terrible either. From my perspective the dimension of the whole thinng is how people adapt over time. lol 🙂",0,synthetic_human,review,social media
"At a basic level, technology is about how we organize our time, energy and priorities. However, one way to look at technology is to check how it affects people's daily routines, stress levels and long-term plans. That said, it's usually not just about technology itself, but also about expectations, social pressure and available resources. Overall, there is no single right answer, but paying attention to context usually helps. In this context, a simple comprehensive can help people reason about trade-offs without getting lost in details.",1,synthetic_ai,formal_explanation,technology
"I honestly feel like education is getting a bit overhyped, but at the same time I sort of understand why people care.",0,synthetic_human,opinion,education
"I'm kinda tired of hearing about mental health all the time, it just pops up everywhere and it's low-key exhausting....",0,synthetic_human,rant,mental health
Last week I had this random experience with finance and it was way more intense than I expected. I know it shouldn't bother me this much but it does. btw,0,synthetic_human,personal_story,finance
"I honestly feel like finance is getting a bit overhyped, but at the same time I sort of undeerstand why people care.!!!",0,synthetic_human,opinion,finance
Tbh I've been thinking about social media a lot lately and it kinda messes with my schedule sometimes....,0,synthetic_human,casual_chat,social media
Last week I had this random experience with technology and it was way more intense than I expected. It sounds small but it really threw off my mood.!!!,0,synthetic_human,personal_story,technology
"The way people experience finance can vary a lot depending on their background. In addition, one way to look at finance is to check how it affects people's daily routines, stress levels and long-term plans. However, it's usually not just about finance itself, but also about expectations, social pressure and available resources. In practice, small consistent habits matter more than any one big decision. In this context, a simple comprehensive can help people reason about trade-offs without getting lost in details. In practice, it doesn't always work out as neatly as it sounds.",1,synthetic_ai,formal_explanation,finance
"The way people experience online courses can vary a lot depending on their background. On the other hand, one way to look at online courses is to check how it affects people's daily routines, stress levels and long-term plans. In many everyday situations, it's usually not just about online courses itself, but also about expectations, social pressure and available resources. In practice, small consistent habits matter more than any one big decision.",1,synthetic_ai,formal_explanation,online courses
"When we talk about sports, it helps to separate a few different aspects. In many everyday situations, one way to look at sports is to check how it affects people's daily routines, stress levels and long-term plans. More broadly speaking, it's usually not just about sports itself, but also about expectations, social pressure and available resources. So the real challenge is balancing convenience, long-term impact and personal values. In this context, a simple robust can help people reason about trade-offs without getting lost in details.",1,synthetic_ai,formal_explanation,sports
"At a basic level, education is about how we organize our time, energy and priorities. In addition, one way to look at education is to check how it affects people's daily routines, stress levels and long-term plans. In addition, it's usually not just about education itself, but also about expectations, social pressure and available resources. Ultimately, the best approach depends on individual goals and constraints. In this context, a simple framework can help people reason about trade-offs without getting lost in details. In practice, it doesn't always work out as neatly as it sounds.",1,synthetic_ai,formal_explanation,education
"I tried something new related to travel yesterday and overall it was decent, not amazing but not terrible either. From my perspective the perspecctive of the whole thing is how people adapt over time.",0,synthetic_human,review,travel
"I honestly feel like health is getting a bit overhyped, but at the same time I sort of understand why people care. 😂!!!",0,synthetic_human,opinion,health
"I tried something new related to work yesterday and overall it was decent, not amazinng but not terrible either. From my perspective the significant of the whole thing is how people adapt over time.?!",0,synthetic_human,review,work
"In recent years, technology has started to influence daily life more than most people expect. On the other hand, one way to look at technology is to check how it affects people's daily routines, stress levels and long-term plans. On the other hand, it's usually not just about technology itself, but also about expectations, social pressure and available resources. Ultimately, the best approach depends on individual goals and constraints. In this context, a simple significant can help people reason about trade-offs without getting lost in details.",1,synthetic_ai,formal_explanation,technology
"Tbh I've been thinking about education a lot lately and it kinnda messes with my schedule sometimes. Maybe I'm overthinking it, but still. From my perspective the perspective of the whole thing is how people adapt over time.?!",0,synthetic_human,casual_chat,education
"In recent years, technology has started to influence daily life more than most people expect. More broadly speaking, one way to look at technology is to check how it affects people's daily routines, stress levels and long-term plans. That said, it's usually not just about technology itself, but also about expectations, social pressure and available resources. Overall, there is no single right answer, but paying attention to context usually helps.",1,synthetic_ai,formal_explanation,technology
"The way people experience education can vary a lot depending on their background. From a practical point of view, one way to look at education is to check how it affects people's daily routines, stress levels and long-term plans. That said, it's usually not just about education itself, but also about expectations, social pressure and available resources. Overall, there is no single right answer, but paying attention to context usually helps. In this context, a simple significant can help people reason about trade-offs without getting lost in details.",1,synthetic_ai,formal_explanation,education
"Tbh I've been thinking about mental health a lot lately and it kinda messes with my schedule sometimes. Maybe I'm overthinking it, but still.?!",0,synthetic_human,casual_chat,mental health
Tbh I've been thinking about work a lot lately and it kinda messes with my schedule sometimes. From my perspective the framework of the whole thing is how people adapt over time. ngl...,0,synthetic_human,casual_chat,work
"I honestly feel like finance is getting a bit overhyped, but at the same time I sort of understand why people care.",0,synthetic_human,opinion,finance
Last week I had this random experrience with remote work and it was way more intense than I expected. sort of?!,0,synthetic_human,personal_story,remote work
"I'm kinda tired of hearing about online courses all the time, it just pops up everywhere and it's low-key exhausting. kinda 🙂...",0,synthetic_human,rant,online courses
"The way people experience technology can vary a lot depending on their background. That said, one way to look at technology is to check how it affects people's daily routines, stress levels and long-term plans. More broadly speaking, it's usually not just about technology itself, but also about expectations, social pressure and available resources. Overall, there is no single right answer, but paying attention to context usually helps. In this context, a simple insight can help people reason about trade-offs without getting lost in details.",1,synthetic_ai,formal_explanation,technology
"When we talk about mental health, it helps to separate a few different aspects. From a practical point of view, one way to look at mental health is to check how it affects people's daily routines, stress levels and long-term plans. From a practical point of view, it's usually not just about mental health itself, but also about expectations, social pressure and available resources. So the real challenge is balancing convenience, long-term impact and personal values. In this context, a simple dynamic can help people reason about trade-offs without getting lost in details.",1,synthetic_ai,formal_explanation,mental health
"At a basic level, movies is about how we organize our time, energy and priorities. In addition, one way to look at movies is to check how it affects people's daily routines, stress levels and long-term plans. In addition, it's usually not just about movies itself, but also about expectations, social pressure and available resources. Ultimately, the best approach depends on individual goals and constraints. In this context, a simple insight can help people reason about trade-offs without getting lost in details.",1,synthetic_ai,formal_explanation,movies
"I honestly feel like travel is getting a bit overhyped, but at the same time I sort of understand why people care. 😂",0,synthetic_human,opinion,travel
"I'm kinda tired of hearing about work all the time, it just pops up everywhere and it's low-key exhausting. It sounds small but it really threw off my mood. omg",0,synthetic_human,rant,work
"At a basic level, mental health is about how we organize our time, energy and priorities. However, one way to look at mental health is to check how it affects people's daily routines, stress levels and long-term plans. That said, it's usually not just about mental health itself, but also about expectations, social pressure and available resources. Ultimately, the best approach depends on individual goals and constraints. In this context, a simple dimension can help people reason about trade-offs without getting lost in details. In practice, it doesn't always work out as neatly as it sounds.",1,synthetic_ai,formal_explanation,mental health
Last week I had this random experience with online courses and it was way more intense than I expected. From my perspective the robust of the whole thing is how people adapt over time. 🙃!!!,0,synthetic_human,personal_story,online courses
"I'm kinda tired of hearing about education all the time, it just pops up everywhere and it's low-key exhausting.",0,synthetic_human,rant,education
"In recent years, family has started to influence daily life more than most people expect. However, one way to look at family is to check how it affects people's daily routines, stress levels and long-term plans. That said, it's usually not just about family itself, but also about expectations, social pressure and available resources. Overall, there is no single right answer, but paying attention to context usually helps.",1,synthetic_ai,formal_explanation,family
"I'm kinda tired of hearing about travel all the time, it just pops up everywhere and it's low-key exhausting.",0,synthetic_human,rant,travel
"I honestly feel like food is getting a bit overhyped, but at the same time I sort of understand why people care. From my perspective the underlying of the whole thing is how people adapt over time.",0,synthetic_human,opinion,food
"When we talk about travel, it helps to separate a few different aspects. From a practical point of view, one way to look at travel is to check how it affects people's daily routines, stress levels and long-term plans. More broadly speaking, it's usually not just about travel itself, but also about expectations, social pressure and available resources. In practice, small consistent habits matter more than any one big decision. In this context, a simple in this context can help people reason about trade-offs without getting lost in details. In practice, it doesn't always work out as neatly as it sounds.",1,synthetic_ai,formal_explanation,travel
"I honestly feel like food is getting a bit overhyped, but at the same time I sort of understand why people care. Honestly, it got stuck in my head the whole day.",0,synthetic_human,opinion,food
"I honestly feel like social media is getting a bit overhyped, but at the same time I sort of understand why people care. ngl",0,synthetic_human,opinion,social media
"At a basic level, mental health is about how we organize our time, energy and priorities. That said, one way to look at mental health is to check how it affects people's daily routines, stress levels and long-term plans. From a practical point of view, it's usually not just about mental health itself, but also about expectations, social pressure and available resources. Ultimately, the best approach depends on individual goals and constraints. In practice, it doesn't always work out as neatly as it sounds.",1,synthetic_ai,formal_explanation,mental health
"Does anyone else feel weird about how work keeps changing every few months, or is it just me? From my perspective the insight of the whole thing is how people adapt over time. 😂...",0,synthetic_human,question,work
Last week I had this random experience with social media and it was way more intense than I expected.,0,synthetic_human,personal_story,social media
"I tried something new related to mental health yesterday and overall it was decent, not amazing but not terriblle either. haha",0,synthetic_human,review,mental health
"At a basic level, education is about how we organize our time, energy and priorities. In many everyday situations, one way to look at education is to check how it affects people's daily routines, stress levels and long-term plans. More broadly speaking, it's usually not just about education itself, but also about expectations, social pressure and available resources. Ultimately, the best approach depends on individual goals and constraints. In this context, a simple perspective can help people reason about trade-offs without getting lost in details.",1,synthetic_ai,formal_explanation,education
"I honestly feel like health is getting a bit overhyped, but at the same time I sort of understand why people care. From my perspective the dimension of the whole thing is how people adapt over time.",0,synthetic_human,opinion,health
"Does anyone else feel weird about how technology keeps changing every few months, or is it just me? Maybe I'm overthinking it, but still.",0,synthetic_human,question,technology
"At a basic level, health is about how we organize our time, energy and priorities. In many everyday situations, one way to look at health is to check how it affects people's daily routines, stress levels and long-term plans. However, it's usually not just about health itself, but also about expectations, social pressure and available resources. So the real challenge is balancing convenience, long-term impact and personal values.",1,synthetic_ai,formal_explanation,health
"At a basic level, food is about how we organize our time, energy and priorities. On the other hand, one way to look at food is to check how it affects people's daily routines, stress levels and long-term plans. In addition, it's usually not just about food itself, but also about expectations, social pressure and available resources. Overall, there is no single right answer, but paying attention to context usually helps. In this context, a simple framework can help people reason about trade-offs without getting lost in details.",1,synthetic_ai,formal_explanation,food
"When we talk about health, it helps to separate a few different aspects. In addition, one way to look at health is to check how it affects people's daily routines, stress levels and long-term plans. More broadly speaking, it's usually not just about health itself, but also about expectations, social pressure and available resources. Ultimately, the best approach depends on individual goals and constraints.",1,synthetic_ai,formal_explanation,health
"Does anyone else feel weird about how technology keeps changing every few months, or is it just me? 😂",0,synthetic_human,question,technology
"In recent years, mental health has started to influence daily life more than most people expect. On the other hand, one way to look at mental health is to check how it affects people's daily routines, stress levels and long-term plans. In many everyday situations, it's usually not just about mental health itself, but also about expectations, social pressure and available resources. So the real challenge is balancing convenience, long-term impact and personal values. In this context, a simple insight can help people reason about trade-offs without getting lost in details. In practice, it doesn't always work out as neatly as it sounds.",1,synthetic_ai,formal_explanation,mental health
"At a basic level, books is about how we organize our time, energy and priorities. In addition, one way to look at books is to check how it affects people's daily routines, stress levels and long-term plans. On the other hand, it's usually not just about books itself, but also about expectations, social pressure and available resources. So the real challenge is balancing convenience, long-term impact and personal values. In this context, a simple perspective can help people reason about trade-offs without getting lost in details.",1,synthetic_ai,formal_explanation,books
"Does anyone else feel weird about how movies keeps changing every few months, or is it just me? From my perspective the comprehensive of the whole thing is how people adapt over time. lmao?!",0,synthetic_human,question,movies
"I'm kinda tired of hearing about food all the time, it just pops up everywhere and it's low-key exhausting. It sounds small but it really threw off my mood....",0,synthetic_human,rant,food
"I tried something new related to movies yesterday and overall it was decent, not amazing but not terrible either. Honestly, it got stuck in my head the whole day. From my perspective the insight of the whole thing is how people adapt over time.",0,synthetic_human,review,movies
"In recent years, travel has started to influence daily life more than most people expect. From a practical point of view, one way to look at travel is to check how it affects people's daily routines, stress levels and long-term plans. From a practical point of view, it's usually not just about travel itself, but also about expectations, social pressure and available resources. Ultimately, the best approach depends on individual goals and constraints. In this context, a simple underlying can help people reason about trade-offs without getting lost in details.",1,synthetic_ai,formal_explanation,travel
"The way people experience finance can vary a lot depending on their background. However, one way to look at finance is to check how it affects people's daily routines, stress levels and long-term plans. From a practical point of view, it's usually not just about finance itself, but also about expectations, social pressure and available resources. So the real challenge is balancing convenience, long-term impact and personal values.",1,synthetic_ai,formal_explanation,finance
"In recent years, online courses has started to influence daily life more than most people expect. More broadly speaking, one way to look at online courses is to check how it affects people's daily routines, stress levels and long-term plans. However, it's usually not just about online courses itself, but also about expectations, social pressure and available resources. Overall, there is no single right answer, but paying attention to context usually helps. In this context, a simple underlying can help people reason about trade-offs without getting lost in details.",1,synthetic_ai,formal_explanation,online courses
"In recent years, technology has started to influence daily life more than most people expect. On the other hand, one way to look at technology is to check how it affects people's daily routines, stress levels and long-term plans. In many everyday situations, it's usually not just about technology itself, but also about expectations, social pressure and available resources. Ultimately, the best approach depends on individual goals and constraints. In this context, a simple perspective can help people reason about trade-offs without getting lost in details.",1,synthetic_ai,formal_explanation,technology
"I'm kinda tired of hearing about finance all the time, it just pops up everywhere and it's low-key exhausting. I know it shouldn't bother me this much but it does.",0,synthetic_human,rant,finance
"I honestly feel like social media is getting a bit overhyped, but at the same time I sort of understand why people care. kinda",0,synthetic_human,opinion,social media
"In recent years, mental health has started to influence daily life more than most people expect. However, one way to look at mental health is to check how it affects people's daily routines, stress levels and long-term plans. However, it's usually not just about mental health itself, but also about expectations, social pressure and available resources. Overall, there is no single right answer, but paying attention to context usually helps.",1,synthetic_ai,formal_explanation,mental health
"The way people experience remote work can vary a lot depending on their background. On the other hand, one way to look at remote work is to check how it affects people's daily routines, stress levels and long-term plans. That said, it's usually not just about remote work itself, but also about expectations, social pressure and available resources. Overall, there is no single right answer, but paying attention to context usually helps. In practice, it doesn't always work out as neatly as it sounds.",1,synthetic_ai,formal_explanation,remote work
"At a basic level, health is about how we organize our time, energy and priorities. However, one way to look at health is to check how it affects people's daily routines, stress levels and long-term plans. In addition, it's usually not just about health itself, but also about expectations, social pressure and available resources. Overall, there is no single right answer, but paying attention to context usually helps. In this context, a simple dimension can help people reason about trade-offs without getting lost in details. In practice, it doesn't always work out as neatly as it sounds.",1,synthetic_ai,formal_explanation,health
"Does anyone else feel weird about how food keeeps changing every few months, or is it just me? kinda 🙃...",0,synthetic_human,question,food
"I'm kinda tired of hearing about food all the time, it just pops up everywhere and it's low-key exhausting. From my persspective the underlying of the whole thing is how people adapt over time.!!!",0,synthetic_human,rant,food
"I'm kinda tired of hearing about technology all the time, it just pops up everywhere and it's low-key exhausting. kinda?!",0,synthetic_human,rant,technology
Last week I had this ranndom experience with movies and it was way more intense than I expected. It sounds small but it really threw off my mood. 🥲!!!,0,synthetic_human,personal_story,movies
"When we talk about technology, it helps to separate a few different aspects. In addition, one way to look at technology is to check how it affects people's daily routines, stress levels and long-term plans. More broadly speaking, it's usually not just about technology itself, but also about expectations, social pressure and available resources. Overall, there is no single right answer, but paying attention to context usually helps. In this context, a simple significant can help people reason about trade-offs without getting lost in details.",1,synthetic_ai,formal_explanation,technology
"The way people experience health can vary a lot depending on their background. In many everyday situations, one way to look at health is to check how it affects people's daily routines, stress levels and long-term plans. From a practical point of view, it's usually not just about health itself, but also about expectations, social pressure and available resources. Ultimately, the best approach depends on individual goals and constraints. In this context, a simple insight can help people reason about trade-offs without getting lost in details. In practice, it doesn't always work out as neatly as it sounds.",1,synthetic_ai,formal_explanation,health
Tbh I've been thinking about online courses a lot lately and it kinda messes with my scheduule sometimes. haha...,0,synthetic_human,casual_chat,online courses
"Does anyone else feel weird about how finance keeps changing every few months, or is it just me? Maybe I'm overthinking it, but still. kinda",0,synthetic_human,question,finance
"When we talk about mental health, it helps to separate a few different aspects. In many everyday situations, one way to look at mental health is to check how it affects people's daily routines, stress levels and long-term plans. However, it's usually not just about mental health itself, but also about expectations, social pressure and available resources. So the real challenge is balancing convenience, long-term impact and personal values.",1,synthetic_ai,formal_explanation,mental health
"At a basic level, health is about how we organize our time, energy and priorities. From a practical point of view, one way to look at health is to check how it affects people's daily routines, stress levels and long-term plans. However, it's usually not just about health itself, but also about expectations, social pressure and available resources. In practice, small consistent habits matter more than any one big decision.",1,synthetic_ai,formal_explanation,health
Tbh I've been thinking about remote work a lot lately and it kinnda messes with my schedule sometimes. From my perspective the dimension of the whole thing is how people adapt over time. 🤦‍♂️,0,synthetic_human,casual_chat,remote work
"I honestly feel like education is getting a bit overhyped, but at the same time I sort of understand why people care. From my perspective the underlying of the whole thing is how people adapt over time. btw",0,synthetic_human,opinion,education
"In recent years, work has started to influence daily life more than most people expect. On the other hand, one way to look at work is to check how it affects people's daily routines, stress levels and long-term plans. In addition, it's usually not just about work itself, but also about expectations, social pressure and available resources. Overall, there is no single right answer, but paying attention to context usually helps.",1,synthetic_ai,formal_explanation,work
"When we talk about online courses, it helps to separate a few different aspects. From a practical point of view, one way to look at online courses is to check how it affects people's daily routines, stress levels and long-term plans. More broadly speaking, it's usually not just about online courses itself, but also about expectations, social pressure and available resources. Ultimately, the best approach depends on individual goals and constraints. In this context, a simple framework can help people reason about trade-offs without getting lost in details.",1,synthetic_ai,formal_explanation,online courses
"At a basic level, travel is about how we organize our time, energy and priorities. From a practical point of view, one way to look at travel is to check how it affects people's daily routines, stress levels and long-term plans. That said, it's usually not just about travel itself, but also about expectations, social pressure and available resources. In practice, small consistent habits matter more than any one big decision. In this context, a simple significant can help people reason about trade-offs without getting lost in details. In practice, it doesn't always work out as neatly as it sounds.",1,synthetic_ai,formal_explanation,travel
"The way people experience books can vary a lot depending on their background. From a practical point of view, one way to look at books is to check how it affects people's daily routines, stress levels and long-term plans. In many everyday situations, it's usually not just about books itself, but also about expectations, social pressure and available resources. So the real challenge is balancing convenience, long-term impact and personal values. In this context, a simple dynamic can help people reason about trade-offs without getting lost in details. In practice, it doesn't always work out as neatly as it sounds.",1,synthetic_ai,formal_explanation,books
"In recent years, remote work has started to influence daily life more than most people expect. On the other hand, one way to look at remote work is to check how it affects people's daily routines, stress levels and long-term plans. In many everyday situations, it's usually not just about remote work itself, but also about expectations, social pressure and available resources. So the real challenge is balancing convenience, long-term impact and personal values.",1,synthetic_ai,formal_explanation,remote work
"The way people experience sports can vary a lot depending on their background. However, one way to look at sports is to check how it affects people's daily routines, stress levels and long-term plans. From a practical point of view, it's usually not just about sports itself, but also about expectations, social pressure and available resources. So the real challenge is balancing convenience, long-term impact and personal values.",1,synthetic_ai,formal_explanation,sports
"In recent years, online courses has started to influence daily life more than most people expect. In many everyday situations, one way to look at online courses is to check how it affects people's daily routines, stress levels and long-term plans. That said, it's usually not just about online courses itself, but also about expectations, social pressure and available resources. So the real challenge is balancing convenience, long-term impact and personal values.",1,synthetic_ai,formal_explanation,online courses
"I tried something new related to family yesterday and overall it was decent, not amazing but not terrible either. Honestly, it got stuck in my head the whole day. From my perspective the insight of the whole thing is how people adapt over time. lmao!!!",0,synthetic_human,review,family
"When we talk about social media, it helps to separate a few different aspects. That said, one way to look at social media is to check how it affects people's daily routines, stress levels and long-term plans. More broadly speaking, it's usually not just about social media itself, but also about expectations, social pressure and available resources. So the real challenge is balancing convenience, long-term impact and personal values.",1,synthetic_ai,formal_explanation,social media
"Does anyone else feel weird about how online courses keeps changing every few months, or is it just me?",0,synthetic_human,question,online courses
"In recent years, books has started to influence daily life more than most people expect. From a practical point of view, one way to look at books is to check how it affects people's daily routines, stress levels and long-term plans. That said, it's usually not just about books itself, but also about expectations, social pressure and available resources. Overall, there is no single right answer, but paying attention to context usually helps. In this context, a simple underlying can help people reason about trade-offs without getting lost in details. In practice, it doesn't always work out as neatly as it sounds.",1,synthetic_ai,formal_explanation,books
"I'm kinda tired of hearing about remote work all the time, it just pops up everywhere and it's low-key exhausting. btw",0,synthetic_human,rant,remote work
"Last week I had this random experience with mental health and it was way more intense than I expected. Maybe I'm overthinking it, but still. lol",0,synthetic_human,personal_story,mental health
"In recent years, social media has started to influence daily life more than most people expect. From a practical point of view, one way to look at social media is to check how it affects people's daily routines, stress levels and long-term plans. In many everyday situations, it's usually not just about social media itself, but also about expectations, social pressure and available resources. So the real challenge is balancing convenience, long-term impact and personal values. In this context, a simple perspective can help people reason about trade-offs without getting lost in details.",1,synthetic_ai,formal_explanation,social media
"Does anyone else feel weird about how work keeps changing every few months, or is it just me? ngl 🙃?!",0,synthetic_human,question,work
"At a basic level, food is about how we organize our time, energy and priorities. On the other hand, one way to look at food is to check how it affects people's daily routines, stress levels and long-term plans. On the other hand, it's usually not just about food itself, but also about expectations, social pressure and available resources. Overall, there is no single right answer, but paying attention to context usually helps. In this context, a simple comprehensive can help people reason about trade-offs without getting lost in details.",1,synthetic_ai,formal_explanation,food
"When we talk about books, it helps to separate a few different aspects. More broadly speaking, one way to look at books is to check how it affects people's daily routines, stress levels and long-term plans. However, it's usually not just about books itself, but also about expectations, social pressure and available resources. So the real challenge is balancing convenience, long-term impact and personal values.",1,synthetic_ai,formal_explanation,books
"In recent years, online courses has started to influence daily life more than most people expect. However, one way to look at online courses is to check how it affects people's daily routines, stress levels and long-term plans. More broadly speaking, it's usually not just about online courses itself, but also about expectations, social pressure and available resources. Overall, there is no single right answer, but paying attention to context usually helps. In practice, it doesn't always work out as neatly as it sounds.",1,synthetic_ai,formal_explanation,online courses
"When we talk about remote work, it helps to separate a few different aspects. That said, one way to look at remote work is to check how it affects people's daily routines, stress levels and long-term plans. In addition, it's usually not just about remote work itself, but also about expectations, social pressure and available resources. In practice, small consistent habits matter more than any one big decision.",1,synthetic_ai,formal_explanation,remote work
"I'm kinda tired of hearing about remote work all the time, it just pops up everywhere and it's low-key exhausting. Maybe I'm overthinking it, but still. lol",0,synthetic_human,rant,remote work
"I honestly feel like sports is getting a bit overhyped, but at the same time I sort of understand why people care. It sounds small but it really threw off my mood. From my perspective the dynamic of the whole thing is how people adapt over time.",0,synthetic_human,opinion,sports
"At a basic level, online courses is about how we organize our time, energy and priorities. In addition, one way to look at online courses is to check how it affects people's daily routines, stress levels and long-term plans. In many everyday situations, it's usually not just about online courses itself, but also about expectations, social pressure and available resources. In practice, small consistent habits matter more than any one big decision. In this context, a simple perspective can help people reason about trade-offs without getting lost in details. In practice, it doesn't always work out as neatly as it sounds.",1,synthetic_ai,formal_explanation,online courses
"At a basic level, online courses is about how we organize our time, energy and priorities. On the other hand, one way to look at online courses is to check how it affects people's daily routines, stress levels and long-term plans. However, it's usually not just about online courses itself, but also about expectations, social pressure and available resources. Overall, there is no single right answer, but paying attention to context usually helps.",1,synthetic_ai,formal_explanation,online courses
"Does anyone else feel weird about how family keeps changing every few months, or is it just me? Maybe I'm overthinking it, but still. 🥲!!!",0,synthetic_human,question,family
"I honestly feel like remote work is getting a bit overhyped, but at the same time I sort of understand why people care. ngl?!",0,synthetic_human,opinion,remote work
"In recent years, sports has started to influence daily life more than most people expect. On the other hand, one way to look at sports is to check how it affects people's daily routines, stress levels and long-term plans. In many everyday situations, it's usually not just about sports itself, but also about expectations, social pressure and available resources. Overall, there is no single right answer, but paying attention to context usually helps. In this context, a simple dynamic can help people reason about trade-offs without getting lost in details.",1,synthetic_ai,formal_explanation,sports
"Does anyone else feel weird about how social media keeps changing every few months, or is it just me? Honestly, it got stuck in my head the whole day. From my perspective the underlying of the whole thing is how people adapt over time.",0,synthetic_human,question,social media
"At a basic level, technology is about how we organize our time, energy and priorities. In many everyday situations, one way to look at technology is to check how it affects people's daily routines, stress levels and long-term plans. In addition, it's usually not just about technology itself, but also about expectations, social pressure and available resources. Overall, there is no single right answer, but paying attention to context usually helps. In this context, a simple underlying can help people reason about trade-offs without getting lost in details.",1,synthetic_ai,formal_explanation,technology
"I tried something new related to travel yesterday and overall it was decent, not amazing but not terrible either. Maybe I'm overthinking it, but still. From my perspective the robust of the whole thing is how people adapt over time.?!",0,synthetic_human,review,travel
Last week I had this random experrience with finance and it was way more intense than I expected. From my perspective the insight of the whole thing is how people adapt over time. 🤷‍♀️,0,synthetic_human,personal_story,finance
"Does anyone else feel weird about how family keeps changing every few months, or is it just me? ngl",0,synthetic_human,question,family
"In recent years, books has started to influence daily life more than most people expect. On the other hand, one way to look at books is to check how it affects people's daily routines, stress levels and long-term plans. In addition, it's usually not just about books itself, but also about expectations, social pressure and available resources. Overall, there is no single right answer, but paying attention to context usually helps. In this context, a simple dimension can help people reason about trade-offs without getting lost in details.",1,synthetic_ai,formal_explanation,books
Tbh I've been thinking about finance a lot lately and it kinda messes with my schedule sometimes. lol!!!,0,synthetic_human,casual_chat,finance
"Tbh I've been thinking about sports a lot lately and it kinda messes with my schedule sometimes. Honestly, it got stuck in my head the whole day. From my perspective the comprehensive of the whole thing is how people adapt over time....",0,synthetic_human,casual_chat,sports
"When we talk about mental health, it helps to separate a few different aspects. That said, one way to look at mental health is to check how it affects people's daily routines, stress levels and long-term plans. In many everyday situations, it's usually not just about mental health itself, but also about expectations, social pressure and available resources. In practice, small consistent habits matter more than any one big decision. In this context, a simple dynamic can help people reason about trade-offs without getting lost in details.",1,synthetic_ai,formal_explanation,mental health
"At a basic level, education is about how we organize our time, energy and priorities. On the other hand, one way to look at education is to check how it affects people's daily routines, stress levels and long-term plans. That said, it's usually not just about education itself, but also about expectations, social pressure and available resources. Ultimately, the best approach depends on individual goals and constraints.",1,synthetic_ai,formal_explanation,education
"The way people experience mental health can vary a lot depending on their background. More broadly speaking, one way to look at mental health is to check how it affects people's daily routines, stress levels and long-term plans. In many everyday situations, it's usually not just about mental health itself, but also about expectations, social pressure and available resources. In practice, small consistent habits matter more than any one big decision. In practice, it doesn't always work out as neatly as it sounds.",1,synthetic_ai,formal_explanation,mental health
"At a basic level, health is about how we organize our time, energy and priorities. On the other hand, one way to look at health is to check how it affects people's daily routines, stress levels and long-term plans. In many everyday situations, it's usually not just about health itself, but also about expectations, social pressure and available resources. Ultimately, the best approach depends on individual goals and constraints. In practice, it doesn't always work out as neatly as it sounds.",1,synthetic_ai,formal_explanation,health
Last week I had this random experience with music and it was way more intense than I expected. kinda,0,synthetic_human,personal_story,music
"When we talk about music, it helps to separate a few different aspects. More broadly speaking, one way to look at music is to check how it affects people's daily routines, stress levels and long-term plans. On the other hand, it's usually not just about music itself, but also about expectations, social pressure and available resources. Overall, there is no single right answer, but paying attention to context usually helps. In practice, it doesn't always work out as neatly as it sounds.",1,synthetic_ai,formal_explanation,music
"The way people experience remote work can vary a lot depending on their background. In many everyday situations, one way to look at remote work is to check how it affects people's daily routines, stress levels and long-term plans. More broadly speaking, it's usually not just about remote work itself, but also about expectations, social pressure and available resources. Ultimately, the best approach depends on individual goals and constraints.",1,synthetic_ai,formal_explanation,remote work
"At a basic level, technology is about how we organize our time, energy and priorities. On the other hand, one way to look at technology is to check how it affects people's daily routines, stress levels and long-term plans. On the other hand, it's usually not just about technology itself, but also about expectations, social pressure and available resources. In practice, small consistent habits matter more than any one big decision. In this context, a simple significant can help people reason about trade-offs without getting lost in details. In practice, it doesn't always work out as neatly as it sounds.",1,synthetic_ai,formal_explanation,technology
"At a basic level, finance is about how we organize our time, energy and priorities. On the other hand, one way to look at finance is to check how it affects people's daily routines, stress levels and long-term plans. That said, it's usually not just about finance itself, but also about expectations, social pressure and available resources. Ultimately, the best approach depends on individual goals and constraints. In this context, a simple perspective can help people reason about trade-offs without getting lost in details. In practice, it doesn't always work out as neatly as it sounds.",1,synthetic_ai,formal_explanation,finance
"In recent years, education has started to influence daily life more than most people expect. However, one way to look at education is to check how it affects people's daily routines, stress levels and long-term plans. That said, it's usually not just about education itself, but also about expectations, social pressure and available resources. Ultimately, the best approach depends on individual goals and constraints. In this context, a simple dynamic can help people reason about trade-offs without getting lost in details.",1,synthetic_ai,formal_explanation,education
"The way people experience finance can vary a lot depending on their background. In addition, one way to look at finance is to check how it affects people's daily routines, stress levels and long-term plans. From a practical point of view, it's usually not just about finance itself, but also about expectations, social pressure and available resources. Overall, there is no single right answer, but paying attention to context usually helps.",1,synthetic_ai,formal_explanation,finance
"When we talk about music, it helps to separate a few different aspects. However, one way to look at music is to check how it affects people's daily routines, stress levels and long-term plans. More broadly speaking, it's usually not just about music itself, but also about expectations, social pressure and available resources. Overall, there is no single right answer, but paying attention to context usually helps.",1,synthetic_ai,formal_explanation,music
"Does anyone else feel weird about how movies keeps changing every few months, or is it just me? Maybe I'm overthinking it, but still. lol 🙃",0,synthetic_human,question,movies
"In recent years, travel has started to influence daily life more than most people expect. From a practical point of view, one way to look at travel is to check how it affects people's daily routines, stress levels and long-term plans. However, it's usually not just about travel itself, but also about expectations, social pressure and available resources. Overall, there is no single right answer, but paying attention to context usually helps. In this context, a simple dimension can help people reason about trade-offs without getting lost in details.",1,synthetic_ai,formal_explanation,travel
"I tried something new related to remote work yesterday and overall it was decent, not amazing but not terrible either. Honestly, it got stuck in my head the whole day. omg 🥲?!",0,synthetic_human,review,remote work
"When we talk about remote work, it helps to separate a few different aspects. On the other hand, one way to look at remote work is to check how it affects people's daily routines, stress levels and long-term plans. In addition, it's usually not just about remote work itself, but also about expectations, social pressure and available resources. Ultimately, the best approach depends on individual goals and constraints.",1,synthetic_ai,formal_explanation,remote work
"In recent years, technology has started to influence daily life more than most people expect. In addition, one way to look at technology is to check how it affects people's daily routines, stress levels and long-term plans. From a practical point of view, it's usually not just about technology itself, but also about expectations, social pressure and available resources. In practice, small consistent habits matter more than any one big decision. In this context, a simple comprehensive can help people reason about trade-offs without getting lost in details.",1,synthetic_ai,formal_explanation,technology
"In recent years, family has started to influence daily life more than most people expect. More broadly speaking, one way to look at family is to check how it affects people's daily routines, stress levels and long-term plans. In many everyday situations, it's usually not just about family itself, but also about expectations, social pressure and available resources. In practice, small consistent habits matter more than any one big decision.",1,synthetic_ai,formal_explanation,family
"I tried something new related to work yesterday and overall it was decent, not amazing but not terrible either. idk 🤷‍♀️?!",0,synthetic_human,review,work
"I'm kinda tired of hearing about online courses all the time, it just pops up everywhere and it's low-key exhausting. I know it shouldn't bother me this much but it does. ngl?!",0,synthetic_human,rant,online courses
"In recent years, movies has started to influence daily life more than most people expect. However, one way to look at movies is to check how it affects people's daily routines, stress levels and long-term plans. From a practical point of view, it's usually not just about movies itself, but also about expectations, social pressure and available resources. So the real challenge is balancing convenience, long-term impact and personal values. In this context, a simple comprehensive can help people reason about trade-offs without getting lost in details.",1,synthetic_ai,formal_explanation,movies
"Does anyone else feel weird about how music keeps changing every few months, or is it just me? haha 🤦‍♂️",0,synthetic_human,question,music
"I tried something new related to health yesterday and overall it was decent, not amazing but not terrible either. sort of",0,synthetic_human,review,health
"Does anyone else feel weird about how family keeps changing every few months, or is it just me? Honestly, it got stuck in my head the whole day. 🤷‍♀️!!!",0,synthetic_human,question,family
"At a basic level, movies is about how we organize our time, energy and priorities. From a practical point of view, one way to look at movies is to check how it affects people's daily routines, stress levels and long-term plans. From a practical point of view, it's usually not just about movies itself, but also about expectations, social pressure and available resources. Ultimately, the best approach depends on individual goals and constraints. In this context, a simple robust can help people reason about trade-offs without getting lost in details. In practice, it doesn't always work out as neatly as it sounds.",1,synthetic_ai,formal_explanation,movies
"At a basic level, finance is about how we organize our time, energy and priorities. In addition, one way to look at finance is to check how it affects people's daily routines, stress levels and long-term plans. In many everyday situations, it's usually not just about finance itself, but also about expectations, social pressure and available resources. Ultimately, the best approach depends on individual goals and constraints. In this context, a simple dimension can help people reason about trade-offs without getting lost in details.",1,synthetic_ai,formal_explanation,finance
"When we talk about education, it helps to separate a few different aspects. On the other hand, one way to look at education is to check how it affects people's daily routines, stress levels and long-term plans. That said, it's usually not just about education itself, but also about expectations, social pressure and available resources. In practice, small consistent habits matter more than any one big decision. In this context, a simple comprehensive can help people reason about trade-offs without getting lost in details.",1,synthetic_ai,formal_explanation,education
"The way people experience technology can vary a lot depending on their background. However, one way to look at technology is to check how it affects people's daily routines, stress levels and long-term plans. In addition, it's usually not just about technology itself, but also about expectations, social pressure and available resources. Ultimately, the best approach depends on individual goals and constraints. In this context, a simple framework can help people reason about trade-offs without getting lost in details. In practice, it doesn't always work out as neatly as it sounds.",1,synthetic_ai,formal_explanation,technology
"I honestly feel like work is getting a bit overhyped, but at the same time I sort of undderstand why people care. Maybe I'm overthinking it, but still. 🤷‍♀️?!",0,synthetic_human,opinion,work
Tbh I've been thinking about health a lot lately and it kinda messes with my schedule sometimes. sort of,0,synthetic_human,casual_chat,health
"I honestly feel like online courses is gettting a bit overhyped, but at the same time I sort of understand why people care. Honestly, it got stuck in my head the whole day.",0,synthetic_human,opinion,online courses
Tbh I've been thinking about online courses a lot lately and it kinda messes with my schedule sometimes. I know it shouldn't bother me this much but it does. From my perspective the dynamic of the whole thing is how people adapt over time.,0,synthetic_human,casual_chat,online courses
"When we talk about education, it helps to separate a few different aspects. That said, one way to look at education is to check how it affects people's daily routines, stress levels and long-term plans. In many everyday situations, it's usually not just about education itself, but also about expectations, social pressure and available resources. So the real challenge is balancing convenience, long-term impact and personal values. In practice, it doesn't always work out as neatly as it sounds.",1,synthetic_ai,formal_explanation,education
Last week I had this random experience with technology and it was way more intense than I expected.,0,synthetic_human,personal_story,technology
"In recent years, education has started to influence daily life more than most people expect. From a practical point of view, one way to look at education is to check how it affects people's daily routines, stress levels and long-term plans. In many everyday situations, it's usually not just about education itself, but also about expectations, social pressure and available resources. So the real challenge is balancing convenience, long-term impact and personal values. In this context, a simple insight can help people reason about trade-offs without getting lost in details.",1,synthetic_ai,formal_explanation,education
"The way people experience music can vary a lot depending on their background. However, one way to look at music is to check how it affects people's daily routines, stress levels and long-term plans. However, it's usually not just about music itself, but also about expectations, social pressure and available resources. In practice, small consistent habits matter more than any one big decision.",1,synthetic_ai,formal_explanation,music
"In recent years, online courses has started to influence daily life more than most people expect. That said, one way to look at online courses is to check how it affects people's daily routines, stress levels and long-term plans. In many everyday situations, it's usually not just about online courses itself, but also about expectations, social pressure and available resources. Ultimately, the best approach depends on individual goals and constraints.",1,synthetic_ai,formal_explanation,online courses
"I tried something new related to mental health yesterday and overall it was decent, not amazing but not terrible either. Maybe I'm overthinking it, but still. sort of",0,synthetic_human,review,mental health
"At a basic level, health is about how we organize our time, energy and priorities. In many everyday situations, one way to look at health is to check how it affects people's daily routines, stress levels and long-term plans. More broadly speaking, it's usually not just about health itself, but also about expectations, social pressure and available resources. So the real challenge is balancing convenience, long-term impact and personal values. In this context, a simple framework can help people reason about trade-offs without getting lost in details. In practice, it doesn't always work out as neatly as it sounds.",1,synthetic_ai,formal_explanation,health
Tbh I've been thinking about mental health a lot lately and it kinda messes with my scheddule sometimes.?!,0,synthetic_human,casual_chat,mental health
"I tried something new related to technology yesterday and overall it was decent, not amazing but not terrible either. lmao",0,synthetic_human,review,technology
"At a basic level, music is about how we organize our time, energy and priorities. However, one way to look at music is to check how it affects people's daily routines, stress levels and long-term plans. That said, it's usually not just about music itself, but also about expectations, social pressure and available resources. So the real challenge is balancing convenience, long-term impact and personal values. In this context, a simple significant can help people reason about trade-offs without getting lost in details. In practice, it doesn't always work out as neatly as it sounds.",1,synthetic_ai,formal_explanation,music
"I'm kinda tired of hearing about mental health all the time, it just pops up everywhere and it's low-key exhausting. Honestly, it got stuck in my head the whole day. From my perspective the perspective of the whole thing is how people adapt over time. lmao 🤦‍♂️",0,synthetic_human,rant,mental health
"I honestly feel like remote work is getting a bit overhyped, but at the same time I sort of understand why people care. Honestly, it got stuck in my head the whole day.",0,synthetic_human,opinion,remote work
"In recent years, family has started to influence daily life more than most people expect. That said, one way to look at family is to check how it affects people's daily routines, stress levels and long-term plans. In many everyday situations, it's usually not just about family itself, but also about expectations, social pressure and available resources. So the real challenge is balancing convenience, long-term impact and personal values. In this context, a simple underlying can help people reason about trade-offs without getting lost in details.",1,synthetic_ai,formal_explanation,family
"When we talk about health, it helps to separate a few different aspects. That said, one way to look at health is to check how it affects people's daily routines, stress levels and long-term plans. That said, it's usually not just about health itself, but also about expectations, social pressure and available resources. So the real challenge is balancing convenience, long-term impact and personal values. In this context, a simple insight can help people reason about trade-offs without getting lost in details. In practice, it doesn't always work out as neatly as it sounds.",1,synthetic_ai,formal_explanation,health
"In recent years, work has started to influence daily life more than most people expect. In addition, one way to look at work is to check how it affects people's daily routines, stress levels and long-term plans. On the other hand, it's usually not just about work itself, but also about expectations, social pressure and available resources. Ultimately, the best approach depends on individual goals and constraints.",1,synthetic_ai,formal_explanation,work
"When we talk about online courses, it helps to separate a few different aspects. More broadly speaking, one way to look at online courses is to check how it affects people's daily routines, stress levels and long-term plans. In addition, it's usually not just about online courses itself, but also about expectations, social pressure and available resources. So the real challenge is balancing convenience, long-term impact and personal values.",1,synthetic_ai,formal_explanation,online courses
"In recent years, social media has started to influence daily life more than most people expect. That said, one way to look at social media is to check how it affects people's daily routines, stress levels and long-term plans. On the other hand, it's usually not just about social media itself, but also about expectations, social pressure and available resources. In practice, small consistent habits matter more than any one big decision. In this context, a simple underlying can help people reason about trade-offs without getting lost in details. In practice, it doesn't always work out as neatly as it sounds.",1,synthetic_ai,formal_explanation,social media
"I'm kinda tired of hearinng about mental health all the time, it just pops up everywhere and it's low-key exhausting. It sounds small but it really threw off my mood. haha",0,synthetic_human,rant,mental health
"When we talk about sports, it helps to separate a few different aspects. From a practical point of view, one way to look at sports is to check how it affects people's daily routines, stress levels and long-term plans. In many everyday situations, it's usually not just about sports itself, but also about expectations, social pressure and available resources. Overall, there is no single right answer, but paying attention to context usually helps.",1,synthetic_ai,formal_explanation,sports
"I'm kinda tired of hearing about remote work all the time, it just pops up everywhere and it's low-key exhausting. It sounds small but it really threw off my mood. lol 😅",0,synthetic_human,rant,remote work
"Does anyone else feel weird about how sports keeps changing every few months, or is it just me? It sounds small but it really threw off my mood. From my perspective the insight of the whole thing is how people adapt over time. haha 🙂!!!",0,synthetic_human,question,sports
Tbh I've been thinking about online courses a lot lately and it kinda messes with my schedule sometimes. It sounds small but it really threw off my mood. ngl...,0,synthetic_human,casual_chat,online courses
"At a basic level, food is about how we organize our time, energy and priorities. In many everyday situations, one way to look at food is to check how it affects people's daily routines, stress levels and long-term plans. However, it's usually not just about food itself, but also about expectations, social pressure and available resources. Ultimately, the best approach depends on individual goals and constraints. In this context, a simple framework can help people reason about trade-offs without getting lost in details.",1,synthetic_ai,formal_explanation,food
"In recent years, health has started to influence daily life more than most people expect. In addition, one way to look at health is to check how it affects people's daily routines, stress levels and long-term plans. More broadly speaking, it's usually not just about health itself, but also about expectations, social pressure and available resources. In practice, small consistent habits matter more than any one big decision.",1,synthetic_ai,formal_explanation,health
"The way people experience finance can vary a lot depending on their background. In addition, one way to look at finance is to check how it affects people's daily routines, stress levels and long-term plans. In addition, it's usually not just about finance itself, but also about expectations, social pressure and available resources. In practice, small consistent habits matter more than any one big decision.",1,synthetic_ai,formal_explanation,finance
"In recent years, education has started to influence daily life more than most people expect. In many everyday situations, one way to look at education is to check how it affects people's daily routines, stress levels and long-term plans. More broadly speaking, it's usually not just about education itself, but also about expectations, social pressure and available resources. Overall, there is no single right answer, but paying attention to context usually helps. In this context, a simple framework can help people reason about trade-offs without getting lost in details.",1,synthetic_ai,formal_explanation,education
"When we talk about family, it helps to separate a few different aspects. More broadly speaking, one way to look at family is to check how it affects people's daily routines, stress levels and long-term plans. That said, it's usually not just about family itself, but also about expectations, social pressure and available resources. In practice, small consistent habits matter more than any one big decision. In this context, a simple robust can help people reason about trade-offs without getting lost in details.",1,synthetic_ai,formal_explanation,family
"Does anyone else feel weird about how food keeps changing every few months, or is it just me? Maybe I'm overthinking it, but still. idk?!",0,synthetic_human,question,food
"I'm kinda tired of hearing about travel all the time, it just pops up everywhere and it's low-key exhausting. Maybe I'm overthinking it, but still....",0,synthetic_human,rant,travel
"I'm kinda tired of hearing about social media all the time, it just pops up everywhere and it's low-key exhausting. Maybe I'm overthinking it, but still. omg",0,synthetic_human,rant,social media
"In recent years, remote work has started to influence daily life more than most people expect. From a practical point of view, one way to look at remote work is to check how it affects people's daily routines, stress levels and long-term plans. More broadly speaking, it's usually not just about remote work itself, but also about expectations, social pressure and available resources. In practice, small consistent habits matter more than any one big decision. In this context, a simple framework can help people reason about trade-offs without getting lost in details.",1,synthetic_ai,formal_explanation,remote work
"At a basic level, work is about how we organize our time, energy and priorities. More broadly speaking, one way to look at work is to check how it affects people's daily routines, stress levels and long-term plans. In addition, it's usually not just about work itself, but also about expectations, social pressure and available resources. So the real challenge is balancing convenience, long-term impact and personal values. In this context, a simple perspective can help people reason about trade-offs without getting lost in details.",1,synthetic_ai,formal_explanation,work
"The way people experience movies can vary a lot depending on their background. In many everyday situations, one way to look at movies is to check how it affects people's daily routines, stress levels and long-term plans. On the other hand, it's usually not just about movies itself, but also about expectations, social pressure and available resources. In practice, small consistent habits matter more than any one big decision. In this context, a simple dimension can help people reason about trade-offs without getting lost in details.",1,synthetic_ai,formal_explanation,movies
"At a basic level, travel is about how we organize our time, energy and priorities. That said, one way to look at travel is to check how it affects people's daily routines, stress levels and long-term plans. More broadly speaking, it's usually not just about travel itself, but also about expectations, social pressure and available resources. So the real challenge is balancing convenience, long-term impact and personal values. In this context, a simple underlying can help people reason about trade-offs without getting lost in details.",1,synthetic_ai,formal_explanation,travel
Tbh I've been thinking about music a lot lately and it kinda messes with my schedule sometimes. From my perspective the significant of the whole thing is how people adapt over time. sort of...,0,synthetic_human,casual_chat,music
Last week I had this random experience with books and it was way more intense than I expected. It sounds small but it really threw off my mood. 🥲,0,synthetic_human,personal_story,books
Last week I had this random experience with online courses and it was way more intense than I expected. It sounds small but it really threw off my mood. idk 😂?!,0,synthetic_human,personal_story,online courses
"I tried something new related to movies yesterday and overall it was decent, not amazing but not terrible either. From my perspective the significant of the whole thing is how people adapt over time. 😂",0,synthetic_human,review,movies
"Does anyone else feel weird about how books keeps chhanging every few months, or is it just me? Maybe I'm overthinking it, but still....",0,synthetic_human,question,books
"At a basic level, finance is about how we organize our time, energy and priorities. From a practical point of view, one way to look at finance is to check how it affects people's daily routines, stress levels and long-term plans. That said, it's usually not just about finance itself, but also about expectations, social pressure and available resources. Ultimately, the best approach depends on individual goals and constraints. In this context, a simple comprehensive can help people reason about trade-offs without getting lost in details. In practice, it doesn't always work out as neatly as it sounds.",1,synthetic_ai,formal_explanation,finance
"When we talk about online courses, it helps to separate a few different aspects. That said, one way to look at online courses is to check how it affects people's daily routines, stress levels and long-term plans. In addition, it's usually not just about online courses itself, but also about expectations, social pressure and available resources. So the real challenge is balancing convenience, long-term impact and personal values.",1,synthetic_ai,formal_explanation,online courses
"I tried something new related to music yesterday and overall it was decent, not amazing but not terrible either. haha 🤦‍♂️!!!",0,synthetic_human,review,music
"The way people experience social media can vary a lot depending on their background. On the other hand, one way to look at social media is to check how it affects people's daily routines, stress levels and long-term plans. That said, it's usually not just about social media itself, but also about expectations, social pressure and available resources. So the real challenge is balancing convenience, long-term impact and personal values. In this context, a simple framework can help people reason about trade-offs without getting lost in details. In practice, it doesn't always work out as neatly as it sounds.",1,synthetic_ai,formal_explanation,social media
Tbh I've been thinking about health a lot lately and it kinda messes with my schedule sometimes. I know it shouldn't bother me this much but it does. From my perspective the dynamic of the whole thing is how people adapt over time. lmao,0,synthetic_human,casual_chat,health
"At a basic level, remote work is about how we organize our time, energy and priorities. From a practical point of view, one way to look at remote work is to check how it affects people's daily routines, stress levels and long-term plans. However, it's usually not just about remote work itself, but also about expectations, social pressure and available resources. Overall, there is no single right answer, but paying attention to context usually helps.",1,synthetic_ai,formal_explanation,remote work
"Does anyone else feel weird about how social media keeps changing every few months, or is it just me? tbh...",0,synthetic_human,question,social media
"I tried something new related to family yesterday and overall it was decent, not amazing but not terrible either. Honestly, it got stuck in my head the whole day. tbh 🙂...",0,synthetic_human,review,family
"I'm kinda tired of hearing about social media all the time, it just pops up everywhere and it's low-key exhausting. Honestly, it got stuck in my head the whole day. idk 🥲",0,synthetic_human,rant,social media
"I'm kinda tired of hearing about online courses all the time, it just pops up everywhere and it's low-key exhausting.",0,synthetic_human,rant,online courses
"I tried something new related to books yesterday and overall it was decent, not amazing but not terrible either. It sounds small but it really threw off my mood. omg",0,synthetic_human,review,books
"Tbh I've been thinking about health a lot lately and it kinda messes with my scheedule sometimes. Honestly, it got stuck in my head the whole day. lmao",0,synthetic_human,casual_chat,health
Last week I had this random experience with family and it was way more intense than I expected. From my perspective the dimension of the whole thing is how people adapt over time. 🤦‍♂️?!,0,synthetic_human,personal_story,family
"I'm kinda tired of hearing about books all the time, it just pops up everywhere and it's low-key exhausting. It sounds small but it really threw off my mood.",0,synthetic_human,rant,books
"I honestly feel like online courses is getting a bit overhyped, but at the same time I sort of understand why people care. From my perspective the robust of the whole thing is how people adaapt over time. tbh 🥲",0,synthetic_human,opinion,online courses
"At a basic level, family is about how we organize our time, energy and priorities. On the other hand, one way to look at family is to check how it affects people's daily routines, stress levels and long-term plans. In many everyday situations, it's usually not just about family itself, but also about expectations, social pressure and available resources. Overall, there is no single right answer, but paying attention to context usually helps. In this context, a simple robust can help people reason about trade-offs without getting lost in details. In practice, it doesn't always work out as neatly as it sounds.",1,synthetic_ai,formal_explanation,family
"The way people experience health can vary a lot depending on their background. On the other hand, one way to look at health is to check how it affects people's daily routines, stress levels and long-term plans. However, it's usually not just about health itself, but also about expectations, social pressure and available resources. So the real challenge is balancing convenience, long-term impact and personal values. In this context, a simple comprehensive can help people reason about trade-offs without getting lost in details.",1,synthetic_ai,formal_explanation,health
"The way people experience work can vary a lot depending on their background. From a practical point of view, one way to look at work is to check how it affects people's daily routines, stress levels and long-term plans. That said, it's usually not just about work itself, but also about expectations, social pressure and available resources. So the real challenge is balancing convenience, long-term impact and personal values. In this context, a simple in this context can help people reason about trade-offs without getting lost in details. In practice, it doesn't always work out as neatly as it sounds.",1,synthetic_ai,formal_explanation,work
"At a basic level, family is about how we organize our time, energy and priorities. From a practical point of view, one way to look at family is to check how it affects people's daily routines, stress levels and long-term plans. On the other hand, it's usually not just about family itself, but also about expectations, social pressure and available resources. Ultimately, the best approach depends on individual goals and constraints. In this context, a simple underlying can help people reason about trade-offs without getting lost in details.",1,synthetic_ai,formal_explanation,family
"When we talk about music, it helps to separate a few different aspects. On the other hand, one way to look at music is to check how it affects people's daily routines, stress levels and long-term plans. On the other hand, it's usually not just about music itself, but also about expectations, social pressure and available resources. So the real challenge is balancing convenience, long-term impact and personal values. In this context, a simple in this context can help people reason about trade-offs without getting lost in details.",1,synthetic_ai,formal_explanation,music
Last week I had this random experience with family and it was way more intense than I expected.,0,synthetic_human,personal_story,family
"At a basic level, social media is about how we organize our time, energy and priorities. From a practical point of view, one way to look at social media is to check how it affects people's daily routines, stress levels and long-term plans. In many everyday situations, it's usually not just about social media itself, but also about expectations, social pressure and available resources. Ultimately, the best approach depends on individual goals and constraints. In this context, a simple dynamic can help people reason about trade-offs without getting lost in details. In practice, it doesn't always work out as neatly as it sounds.",1,synthetic_ai,formal_explanation,social media
"Does anyone else feel weird about how social media keeps changing every few months, or is it just me?",0,synthetic_human,question,social media
"At a basic level, books is about how we organize our time, energy and priorities. In many everyday situations, one way to look at books is to check how it affects people's daily routines, stress levels and long-term plans. That said, it's usually not just about books itself, but also about expectations, social pressure and available resources. So the real challenge is balancing convenience, long-term impact and personal values. In this context, a simple dimension can help people reason about trade-offs without getting lost in details.",1,synthetic_ai,formal_explanation,books
"When we talk about education, it helps to separate a few different aspects. From a practical point of view, one way to look at education is to check how it affects people's daily routines, stress levels and long-term plans. That said, it's usually not just about education itself, but also about expectations, social pressure and available resources. So the real challenge is balancing convenience, long-term impact and personal values. In practice, it doesn't always work out as neatly as it sounds.",1,synthetic_ai,formal_explanation,education
"At a basic level, finance is about how we organize our time, energy and priorities. More broadly speaking, one way to look at finance is to check how it affects people's daily routines, stress levels and long-term plans. However, it's usually not just about finance itself, but also about expectations, social pressure and available resources. In practice, small consistent habits matter more than any one big decision. In practice, it doesn't always work out as neatly as it sounds.",1,synthetic_ai,formal_explanation,finance
"In recent years, work has started to influence daily life more than most people expect. From a practical point of view, one way to look at work is to check how it affects people's daily routines, stress levels and long-term plans. More broadly speaking, it's usually not just about work itself, but also about expectations, social pressure and available resources. Ultimately, the best approach depends on individual goals and constraints.",1,synthetic_ai,formal_explanation,work
"I honesttly feel like online courses is getting a bit overhyped, but at the same time I sort of understand why people care. From my perspective the underlying of the whole thing is how people adapt over time. omg",0,synthetic_human,opinion,online courses
"In recent years, food has started to influence daily life more than most people expect. More broadly speaking, one way to look at food is to check how it affects people's daily routines, stress levels and long-term plans. That said, it's usually not just about food itself, but also about expectations, social pressure and available resources. Overall, there is no single right answer, but paying attention to context usually helps. In this context, a simple in this context can help people reason about trade-offs without getting lost in details. In practice, it doesn't always work out as neatly as it sounds.",1,synthetic_ai,formal_explanation,food
"In recent years, books has started to influence daily life more than most people expect. From a practical point of view, one way to look at books is to check how it affects people's daily routines, stress levels and long-term plans. From a practical point of view, it's usually not just about books itself, but also about expectations, social pressure and available resources. In practice, small consistent habits matter more than any one big decision.",1,synthetic_ai,formal_explanation,books
"When we talk about work, it helps to separate a few different aspects. That said, one way to look at work is to check how it affects people's daily routines, stress levels and long-term plans. In many everyday situations, it's usually not just about work itself, but also about expectations, social pressure and available resources. So the real challenge is balancing convenience, long-term impact and personal values.",1,synthetic_ai,formal_explanation,work
"When we talk about social media, it helps to separate a few different aspects. More broadly speaking, one way to look at social media is to check how it affects people's daily routines, stress levels and long-term plans. From a practical point of view, it's usually not just about social media itself, but also about expectations, social pressure and available resources. In practice, small consistent habits matter more than any one big decision.",1,synthetic_ai,formal_explanation,social media
"The way people experience music can vary a lot depending on their background. From a practical point of view, one way to look at music is to check how it affects people's daily routines, stress levels and long-term plans. In many everyday situations, it's usually not just about music itself, but also about expectations, social pressure and available resources. Ultimately, the best approach depends on individual goals and constraints. In this context, a simple insight can help people reason about trade-offs without getting lost in details. In practice, it doesn't always work out as neatly as it sounds.",1,synthetic_ai,formal_explanation,music
"In recent years, remote work has started to influence daily life more than most people expect. On the other hand, one way to look at remote work is to check how it affects people's daily routines, stress levels and long-term plans. However, it's usually not just about remote work itself, but also about expectations, social pressure and available resources. Ultimately, the best approach depends on individual goals and constraints. In this context, a simple significant can help people reason about trade-offs without getting lost in details.",1,synthetic_ai,formal_explanation,remote work
"The way people experience books can vary a lot depending on their background. In many everyday situations, one way to look at books is to check how it affects people's daily routines, stress levels and long-term plans. In many everyday situations, it's usually not just about books itself, but also about expectations, social pressure and available resources. So the real challenge is balancing convenience, long-term impact and personal values.",1,synthetic_ai,formal_explanation,books
"At a basic level, work is about how we organize our time, energy and priorities. On the other hand, one way to look at work is to check how it affects people's daily routines, stress levels and long-term plans. In addition, it's usually not just about work itself, but also about expectations, social pressure and available resources. In practice, small consistent habits matter more than any one big decision.",1,synthetic_ai,formal_explanation,work
"Does anyone else feel weird about how technology keeps changing every few months, or is it just me?",0,synthetic_human,question,technology
"When we talk about remote work, it helps to separate a few different aspects. More broadly speaking, one way to look at remote work is to check how it affects people's daily routines, stress levels and long-term plans. In many everyday situations, it's usually not just about remote work itself, but also about expectations, social pressure and available resources. In practice, small consistent habits matter more than any one big decision. In this context, a simple perspective can help people reason about trade-offs without getting lost in details.",1,synthetic_ai,formal_explanation,remote work
"The way people experience education can vary a lot depending on their background. That said, one way to look at education is to check how it affects people's daily routines, stress levels and long-term plans. That said, it's usually not just about education itself, but also about expectations, social pressure and available resources. So the real challenge is balancing convenience, long-term impact and personal values.",1,synthetic_ai,formal_explanation,education
Tbh I've been thinkiing about finance a lot lately and it kinda messes with my schedule sometimes. It sounds small but it really threw off my mood. tbh,0,synthetic_human,casual_chat,finance
"The way people experience mental health can vary a lot depending on their background. From a practical point of view, one way to look at mental health is to check how it affects people's daily routines, stress levels and long-term plans. From a practical point of view, it's usually not just about mental health itself, but also about expectations, social pressure and available resources. In practice, small consistent habits matter more than any one big decision. In this context, a simple dynamic can help people reason about trade-offs without getting lost in details.",1,synthetic_ai,formal_explanation,mental health
"I'm kinda tired of hearing about travel all the time, it just pops up everywhere and it's low-key exhausting.!!!",0,synthetic_human,rant,travel
"Last week I had this random experience with movies and it was way more intense than I expected. Honestly, it got stuck in my head the whole day.!!!",0,synthetic_human,personal_story,movies
Last week I had this random experience with work and it was way more intense than I expected. idk,0,synthetic_human,personal_story,work
"At a basic level, family is about how we organize our time, energy and priorities. However, one way to look at family is to check how it affects people's daily routines, stress levels and long-term plans. In many everyday situations, it's usually not just about family itself, but also about expectations, social pressure and available resources. Overall, there is no single right answer, but paying attention to context usually helps. In this context, a simple significant can help people reason about trade-offs without getting lost in details.",1,synthetic_ai,formal_explanation,family
"I'm kinda tired of hearing about music all the time, it just pops up everywhere and it's low-key exhausting.",0,synthetic_human,rant,music
"At a basic level, health is about how we organize our time, energy and priorities. From a practical point of view, one way to look at health is to check how it affects people's daily routines, stress levels and long-term plans. In addition, it's usually not just about health itself, but also about expectations, social pressure and available resources. In practice, small consistent habits matter more than any one big decision. In this context, a simple framework can help people reason about trade-offs without getting lost in details.",1,synthetic_ai,formal_explanation,health
"When we talk about books, it helps to separate a few different aspects. From a practical point of view, one way to look at books is to check how it affects people's daily routines, stress levels and long-term plans. In many everyday situations, it's usually not just about books itself, but also about expectations, social pressure and available resources. So the real challenge is balancing convenience, long-term impact and personal values. In this context, a simple dynamic can help people reason about trade-offs without getting lost in details.",1,synthetic_ai,formal_explanation,books
"When we talk about sports, it helps to separate a few different aspects. In many everyday situations, one way to look at sports is to check how it affects people's daily routines, stress levels and long-term plans. On the other hand, it's usually not just about sports itself, but also about expectations, social pressure and available resources. So the real challenge is balancing convenience, long-term impact and personal values.",1,synthetic_ai,formal_explanation,sports
"I tried something new related to technology yesterday and overall it was decent, not amazing but not terrible either. Maybe I'm overthinking it, but still. 🤦‍♂️!!!",0,synthetic_human,review,technology
"The way people experience health can vary a lot depending on their background. In addition, one way to look at health is to check how it affects people's daily routines, stress levels and long-term plans. In many everyday situations, it's usually not just about health itself, but also about expectations, social pressure and available resources. In practice, small consistent habits matter more than any one big decision. In this context, a simple insight can help people reason about trade-offs without getting lost in details.",1,synthetic_ai,formal_explanation,health
"The way people experience remote work can vary a lot depending on their background. On the other hand, one way to look at remote work is to check how it affects people's daily routines, stress levels and long-term plans. That said, it's usually not just about remote work itself, but also about expectations, social pressure and available resources. So the real challenge is balancing convenience, long-term impact and personal values.",1,synthetic_ai,formal_explanation,remote work
"Does anyone else feel weird about how mental health keeps changing every few months, or is it just me? Maybe I'm overthinking it, but still. ngl",0,synthetic_human,question,mental health
"The way people experience health can vary a lot depending on their background. In addition, one way to look at health is to check how it affects people's daily routines, stress levels and long-term plans. More broadly speaking, it's usually not just about health itself, but also about expectations, social pressure and available resources. Overall, there is no single right answer, but paying attention to context usually helps. In this context, a simple dimension can help people reason about trade-offs without getting lost in details.",1,synthetic_ai,formal_explanation,health
"When we talk about mental health, it helps to separate a few different aspects. On the other hand, one way to look at mental health is to check how it affects people's daily routines, stress levels and long-term plans. In addition, it's usually not just about mental health itself, but also about expectations, social pressure and available resources. Ultimately, the best approach depends on individual goals and constraints. In this context, a simple comprehensive can help people reason about trade-offs without getting lost in details. In practice, it doesn't always work out as neatly as it sounds.",1,synthetic_ai,formal_explanation,mental health
"I tried something new related to social media yesterday and overall it was decent, not amazing but not terrible either. I know it shouldn't bother me this much but it does. 🤦‍♂️...",0,synthetic_human,review,social media
"At a basic level, travel is about how we organize our time, energy and priorities. In addition, one way to look at travel is to check how it affects people's daily routines, stress levels and long-term plans. On the other hand, it's usually not just about travel itself, but also about expectations, social pressure and available resources. Ultimately, the best approach depends on individual goals and constraints. In this context, a simple framework can help people reason about trade-offs without getting lost in details.",1,synthetic_ai,formal_explanation,travel
"I tried something new related to finance yesterday and overall it was decent, not amazing but not terrible either. sort of 🤦‍♂️",0,synthetic_human,review,finance
"In recent years, books has started to influence daily life more than most people expect. From a practical point of view, one way to look at books is to check how it affects people's daily routines, stress levels and long-term plans. On the other hand, it's usually not just about books itself, but also about expectations, social pressure and available resources. Overall, there is no single right answer, but paying attention to context usually helps. In this context, a simple robust can help people reason about trade-offs without getting lost in details.",1,synthetic_ai,formal_explanation,books
"At a basic level, movies is about how we organize our time, energy and priorities. In addition, one way to look at movies is to check how it affects people's daily routines, stress levels and long-term plans. More broadly speaking, it's usually not just about movies itself, but also about expectations, social pressure and available resources. In practice, small consistent habits matter more than any one big decision.",1,synthetic_ai,formal_explanation,movies
"I honestly feel like food is getting a bit overhyped, but at the same time I sort of understand why people care. From my perspective the dimension of the whole thing is how people adapt over time.",0,synthetic_human,opinion,food
"I tried something new related to health yesterday and overall it was decent, not amazing but not terrible either. From my perspective the insight of the whole thing is how people addapt over time. lol",0,synthetic_human,review,health
"At a basic level, movies is about how we organize our time, energy and priorities. In many everyday situations, one way to look at movies is to check how it affects people's daily routines, stress levels and long-term plans. More broadly speaking, it's usually not just about movies itself, but also about expectations, social pressure and available resources. Ultimately, the best approach depends on individual goals and constraints. In this context, a simple underlying can help people reason about trade-offs without getting lost in details.",1,synthetic_ai,formal_explanation,movies
"When we talk about family, it helps to separate a few different aspects. More broadly speaking, one way to look at family is to check how it affects people's daily routines, stress levels and long-term plans. More broadly speaking, it's usually not just about family itself, but also about expectations, social pressure and available resources. Ultimately, the best approach depends on individual goals and constraints. In this context, a simple perspective can help people reason about trade-offs without getting lost in details. In practice, it doesn't always work out as neatly as it sounds.",1,synthetic_ai,formal_explanation,family
"In recent years, food has started to influence daily life more than most people expect. More broadly speaking, one way to look at food is to check how it affects people's daily routines, stress levels and long-term plans. From a practical point of view, it's usually not just about food itself, but also about expectations, social pressure and available resources. So the real challenge is balancing convenience, long-term impact and personal values. In this context, a simple insight can help people reason about trade-offs without getting lost in details. In practice, it doesn't always work out as neatly as it sounds.",1,synthetic_ai,formal_explanation,food
Last week I had this ranndom experience with food and it was way more intense than I expected.?!,0,synthetic_human,personal_story,food
Last week I had this random experience with technology and it was way more intense than I expected. I know it shouldn't bother me this much but it does. From my perspective the in this coontext of the whole thing is how people adapt over time.!!!,0,synthetic_human,personal_story,technology
Last week I had this random experience with food and it was way more intense than I expected. From my perspective the comprehensive of the whole thing is how people adapt over time. lol,0,synthetic_human,personal_story,food
"I honestly feel like books is getting a bit overhyped, but at the same time I sort of understand why people care. It sounds small but it really threw off my mood. ngl!!!",0,synthetic_human,opinion,books
"When we talk about food, it helps to separate a few different aspects. On the other hand, one way to look at food is to check how it affects people's daily routines, stress levels and long-term plans. In many everyday situations, it's usually not just about food itself, but also about expectations, social pressure and available resources. In practice, small consistent habits matter more than any one big decision. In this context, a simple dimension can help people reason about trade-offs without getting lost in details.",1,synthetic_ai,formal_explanation,food
"At a basic level, remote work is about how we organize our time, energy and priorities. In many everyday situations, one way to look at remote work is to check how it affects people's daily routines, stress levels and long-term plans. In addition, it's usually not just about remote work itself, but also about expectations, social pressure and available resources. So the real challenge is balancing convenience, long-term impact and personal values. In this context, a simple dimension can help people reason about trade-offs without getting lost in details.",1,synthetic_ai,formal_explanation,remote work
Tbh I've been thinking about technology a lot lately and it kinda messes with my schedule sometimes. I know it shouldn't bother me this much but it does. haha 😂,0,synthetic_human,casual_chat,technology
Tbh I've been thinking about finance a lot lately and it kinda messes with my schedule sometimes. lmao,0,synthetic_human,casual_chat,finance
"When we talk about online courses, it helps to separate a few different aspects. That said, one way to look at online courses is to check how it affects people's daily routines, stress levels and long-term plans. From a practical point of view, it's usually not just about online courses itself, but also about expectations, social pressure and available resources. So the real challenge is balancing convenience, long-term impact and personal values.",1,synthetic_ai,formal_explanation,online courses
"At a basic level, food is about how we organize our time, energy and priorities. More broadly speaking, one way to look at food is to check how it affects people's daily routines, stress levels and long-term plans. On the other hand, it's usually not just about food itself, but also about expectations, social pressure and available resources. In practice, small consistent habits matter more than any one big decision.",1,synthetic_ai,formal_explanation,food
"In recent years, sports has started to influence daily life more than most people expect. In addition, one way to look at sports is to check how it affects people's daily routines, stress levels and long-term plans. In addition, it's usually not just about sports itself, but also about expectations, social pressure and available resources. So the real challenge is balancing convenience, long-term impact and personal values. In this context, a simple dimension can help people reason about trade-offs without getting lost in details.",1,synthetic_ai,formal_explanation,sports
"The way people experience health can vary a lot depending on their background. On the other hand, one way to look at health is to check how it affects people's daily routines, stress levels and long-term plans. On the other hand, it's usually not just about health itself, but also about expectations, social pressure and available resources. Ultimately, the best approach depends on individual goals and constraints. In practice, it doesn't always work out as neatly as it sounds.",1,synthetic_ai,formal_explanation,health
"In recent years, technology has started to influence daily life more than most people expect. More broadly speaking, one way to look at technology is to check how it affects people's daily routines, stress levels and long-term plans. From a practical point of view, it's usually not just about technology itself, but also about expectations, social pressure and available resources. Overall, there is no single right answer, but paying attention to context usually helps. In this context, a simple dimension can help people reason about trade-offs without getting lost in details. In practice, it doesn't always work out as neatly as it sounds.",1,synthetic_ai,formal_explanation,technology
"At a basic level, work is about how we organize our time, energy and priorities. From a practical point of view, one way to look at work is to check how it affects people's daily routines, stress levels and long-term plans. In many everyday situations, it's usually not just about work itself, but also about expectations, social pressure and available resources. Overall, there is no single right answer, but paying attention to context usually helps. In this context, a simple underlying can help people reason about trade-offs without getting lost in details.",1,synthetic_ai,formal_explanation,work
"The way people experience education can vary a lot depending on their background. However, one way to look at education is to check how it affects people's daily routines, stress levels and long-term plans. In many everyday situations, it's usually not just about education itself, but also about expectations, social pressure and available resources. So the real challenge is balancing convenience, long-term impact and personal values. In this context, a simple perspective can help people reason about trade-offs without getting lost in details. In practice, it doesn't always work out as neatly as it sounds.",1,synthetic_ai,formal_explanation,education
"In recent years, education has started to influence daily life more than most people expect. More broadly speaking, one way to look at education is to check how it affects people's daily routines, stress levels and long-term plans. In addition, it's usually not just about education itself, but also about expectations, social pressure and available resources. In practice, small consistent habits matter more than any one big decision.",1,synthetic_ai,formal_explanation,education
"At a basic level, education is about how we organize our time, energy and priorities. More broadly speaking, one way to look at education is to check how it affects people's daily routines, stress levels and long-term plans. More broadly speaking, it's usually not just about education itself, but also about expectations, social pressure and available resources. So the real challenge is balancing convenience, long-term impact and personal values. In this context, a simple insight can help people reason about trade-offs without getting lost in details. In practice, it doesn't always work out as neatly as it sounds.",1,synthetic_ai,formal_explanation,education
"When we talk about social media, it helps to separate a few different aspects. That said, one way to look at social media is to check how it affects people's daily routines, stress levels and long-term plans. However, it's usually not just about social media itself, but also about expectations, social pressure and available resources. Ultimately, the best approach depends on individual goals and constraints. In this context, a simple dimension can help people reason about trade-offs without getting lost in details.",1,synthetic_ai,formal_explanation,social media
"In recent years, health has started to influence daily life more than most people expect. That said, one way to look at health is to check how it affects people's daily routines, stress levels and long-term plans. From a practical point of view, it's usually not just about health itself, but also about expectations, social pressure and available resources. So the real challenge is balancing convenience, long-term impact and personal values.",1,synthetic_ai,formal_explanation,health
"When we talk about remote work, it helps to separate a few different aspects. On the other hand, one way to look at remote work is to check how it affects people's daily routines, stress levels and long-term plans. More broadly speaking, it's usually not just about remote work itself, but also about expectations, social pressure and available resources. Ultimately, the best approach depends on individual goals and constraints. In this context, a simple comprehensive can help people reason about trade-offs without getting lost in details. In practice, it doesn't always work out as neatly as it sounds.",1,synthetic_ai,formal_explanation,remote work
"At a basic level, sports is about how we organize our time, energy and priorities. On the other hand, one way to look at sports is to check how it affects people's daily routines, stress levels and long-term plans. In many everyday situations, it's usually not just about sports itself, but also about expectations, social pressure and available resources. Ultimately, the best approach depends on individual goals and constraints. In this context, a simple insight can help people reason about trade-offs without getting lost in details. In practice, it doesn't always work out as neatly as it sounds.",1,synthetic_ai,formal_explanation,sports
"The way people experience finance can vary a lot depending on their background. On the other hand, one way to look at finance is to check how it affects people's daily routines, stress levels and long-term plans. In many everyday situations, it's usually not just about finance itself, but also about expectations, social pressure and available resources. Overall, there is no single right answer, but paying attention to context usually helps. In this context, a simple insight can help people reason about trade-offs without getting lost in details.",1,synthetic_ai,formal_explanation,finance
"I honestly feel like food is getting a bit overhyped, but at the same time I sort of understand why people care. idk 🙃",0,synthetic_human,opinion,food
"Does anyone else feel weird about how health keeps changing every few months, or is it just me? It sounds small but it really threw off my mood....",0,synthetic_human,question,health
"When we talk about finance, it helps to separate a few different aspects. On the other hand, one way to look at finance is to check how it affects people's daily routines, stress levels and long-term plans. On the other hand, it's usually not just about finance itself, but also about expectations, social pressure and available resources. In practice, small consistent habits matter more than any one big decision.",1,synthetic_ai,formal_explanation,finance
"I honestly feel like education is getting a bit overhyped, but at the same time I sort of understand why people care. tbh 🤦‍♂️",0,synthetic_human,opinion,education
"The way people experience education can vary a lot depending on their background. From a practical point of view, one way to look at education is to check how it affects people's daily routines, stress levels and long-term plans. From a practical point of view, it's usually not just about education itself, but also about expectations, social pressure and available resources. Overall, there is no single right answer, but paying attention to context usually helps. In this context, a simple framework can help people reason about trade-offs without getting lost in details.",1,synthetic_ai,formal_explanation,education
"I honestly feel like health is getting a bit overhyped, but at the same time I sort of understand why people care. Maybe I'm overthinking it, but still. From my perspective the dimension of the whole thing is how people adapt over time.",0,synthetic_human,opinion,health
"In recent years, education has started to influence daily life more than most people expect. On the other hand, one way to look at education is to check how it affects people's daily routines, stress levels and long-term plans. In many everyday situations, it's usually not just about education itself, but also about expectations, social pressure and available resources. Ultimately, the best approach depends on individual goals and constraints.",1,synthetic_ai,formal_explanation,education
Last week I had this random experience with online courses and it was way more intense than I expected. lmao 🙃,0,synthetic_human,personal_story,online courses
"When we talk about online courses, it helps to separate a few different aspects. In addition, one way to look at online courses is to check how it affects people's daily routines, stress levels and long-term plans. In many everyday situations, it's usually not just about online courses itself, but also about expectations, social pressure and available resources. Overall, there is no single right answer, but paying attention to context usually helps. In this context, a simple significant can help people reason about trade-offs without getting lost in details. In practice, it doesn't always work out as neatly as it sounds.",1,synthetic_ai,formal_explanation,online courses
"The way people experience online courses can vary a lot depending on their background. From a practical point of view, one way to look at online courses is to check how it affects people's daily routines, stress levels and long-term plans. From a practical point of view, it's usually not just about online courses itself, but also about expectations, social pressure and available resources. In practice, small consistent habits matter more than any one big decision.",1,synthetic_ai,formal_explanation,online courses
"At a basic level, online courses is about how we organize our time, energy and priorities. That said, one way to look at online courses is to check how it affects people's daily routines, stress levels and long-term plans. From a practical point of view, it's usually not just about online courses itself, but also about expectations, social pressure and available resources. In practice, small consistent habits matter more than any one big decision. In this context, a simple underlying can help people reason about trade-offs without getting lost in details.",1,synthetic_ai,formal_explanation,online courses
"When we talk about mental health, it helps to separate a few different aspects. More broadly speaking, one way to look at mental health is to check how it affects people's daily routines, stress levels and long-term plans. On the other hand, it's usually not just about mental health itself, but also about expectations, social pressure and available resources. Overall, there is no single right answer, but paying attention to context usually helps. In this context, a simple robust can help people reason about trade-offs without getting lost in details.",1,synthetic_ai,formal_explanation,mental health
"At a basic level, work is about how we organize our time, energy and priorities. More broadly speaking, one way to look at work is to check how it affects people's daily routines, stress levels and long-term plans. More broadly speaking, it's usually not just about work itself, but also about expectations, social pressure and available resources. Overall, there is no single right answer, but paying attention to context usually helps. In this context, a simple significant can help people reason about trade-offs without getting lost in details.",1,synthetic_ai,formal_explanation,work
"In recent years, movies has started to influence daily life more than most people expect. More broadly speaking, one way to look at movies is to check how it affects people's daily routines, stress levels and long-term plans. In many everyday situations, it's usually not just about movies itself, but also about expectations, social pressure and available resources. In practice, small consistent habits matter more than any one big decision.",1,synthetic_ai,formal_explanation,movies
"I'm kinda tired of hearing about music all the time, it just pops up everywhere and it's low-key exhausting. Honestly, it got stuck in my head the whole day. 🥲...",0,synthetic_human,rant,music
"At a basic level, travel is about how we organize our time, energy and priorities. That said, one way to look at travel is to check how it affects people's daily routines, stress levels and long-term plans. In addition, it's usually not just about travel itself, but also about expectations, social pressure and available resources. In practice, small consistent habits matter more than any one big decision.",1,synthetic_ai,formal_explanation,travel
Tbh I've been thinking about technology a lot lately and it kinda messes with my schedule sometimes. lol 🥲?!,0,synthetic_human,casual_chat,technology
"When we talk about family, it helps to separate a few different aspects. More broadly speaking, one way to look at family is to check how it affects people's daily routines, stress levels and long-term plans. More broadly speaking, it's usually not just about family itself, but also about expectations, social pressure and available resources. Overall, there is no single right answer, but paying attention to context usually helps. In this context, a simple dynamic can help people reason about trade-offs without getting lost in details. In practice, it doesn't always work out as neatly as it sounds.",1,synthetic_ai,formal_explanation,family
"The way people experience mental health can vary a lot depending on their background. That said, one way to look at mental health is to check how it affects people's daily routines, stress levels and long-term plans. In many everyday situations, it's usually not just about mental health itself, but also about expectations, social pressure and available resources. So the real challenge is balancing convenience, long-term impact and personal values. In this context, a simple framework can help people reason about trade-offs without getting lost in details.",1,synthetic_ai,formal_explanation,mental health
"At a basic level, social media is about how we organize our time, energy and priorities. However, one way to look at social media is to check how it affects people's daily routines, stress levels and long-term plans. However, it's usually not just about social media itself, but also about expectations, social pressure and available resources. Overall, there is no single right answer, but paying attention to context usually helps. In this context, a simple dynamic can help people reason about trade-offs without getting lost in details.",1,synthetic_ai,formal_explanation,social media
"I'm kinda tired of hearing about work all the time, it just pops up everywhere and it's low-key exhausting. lol 🥲!!!",0,synthetic_human,rant,work
"In recent years, social media has started to influence daily life more than most people expect. From a practical point of view, one way to look at social media is to check how it affects people's daily routines, stress levels and long-term plans. From a practical point of view, it's usually not just about social media itself, but also about expectations, social pressure and available resources. So the real challenge is balancing convenience, long-term impact and personal values. In this context, a simple comprehensive can help people reason about trade-offs without getting lost in details. In practice, it doesn't always work out as neatly as it sounds.",1,synthetic_ai,formal_explanation,social media
"When we talk about books, it helps to separate a few different aspects. However, one way to look at books is to check how it affects people's daily routines, stress levels and long-term plans. However, it's usually not just about books itself, but also about expectations, social pressure and available resources. Overall, there is no single right answer, but paying attention to context usually helps. In practice, it doesn't always work out as neatly as it sounds.",1,synthetic_ai,formal_explanation,books
"Does anyone else feel weird about how education keeps changing every few months, or is it just me? From my perspective the dimension of the whole thing is how peopple adapt over time.?!",0,synthetic_human,question,education
Last week I had this random experience with sports and it was way more intense than I expected. lmao 🙃...,0,synthetic_human,personal_story,sports
"In recent years, work has started to influence daily life more than most people expect. That said, one way to look at work is to check how it affects people's daily routines, stress levels and long-term plans. In addition, it's usually not just about work itself, but also about expectations, social pressure and available resources. Ultimately, the best approach depends on individual goals and constraints. In this context, a simple robust can help people reason about trade-offs without getting lost in details. In practice, it doesn't always work out as neatly as it sounds.",1,synthetic_ai,formal_explanation,work
"Last week I had this random experience with sports and it was way more intense than I expected. Honestly, it got stuck in my head the whole day. lol?!",0,synthetic_human,personal_story,sports
"At a basic level, health is about how we organize our time, energy and priorities. On the other hand, one way to look at health is to check how it affects people's daily routines, stress levels and long-term plans. That said, it's usually not just about health itself, but also about expectations, social pressure and available resources. So the real challenge is balancing convenience, long-term impact and personal values. In this context, a simple comprehensive can help people reason about trade-offs without getting lost in details. In practice, it doesn't always work out as neatly as it sounds.",1,synthetic_ai,formal_explanation,health
"The way people experience finance can vary a lot depending on their background. In addition, one way to look at finance is to check how it affects people's daily routines, stress levels and long-term plans. However, it's usually not just about finance itself, but also about expectations, social pressure and available resources. Overall, there is no single right answer, but paying attention to context usually helps. In this context, a simple insight can help people reason about trade-offs without getting lost in details.",1,synthetic_ai,formal_explanation,finance
"Does anyone else feel weird about how sports keeps changing every few months, or is it just me? I know it shouldn't bother me this much but it does. idk",0,synthetic_human,question,sports
"I honestly feel like soccial media is getting a bit overhyped, but at the same time I sort of understand why people care. I know it shouldn't bother me this much but it does. From my perspective the significcant of the whole thing is how people adapt over time. sort of",0,synthetic_human,opinion,social media
"In recent years, travel has started to influence daily life more than most people expect. That said, one way to look at travel is to check how it affects people's daily routines, stress levels and long-term plans. In addition, it's usually not just about travel itself, but also about expectations, social pressure and available resources. So the real challenge is balancing convenience, long-term impact and personal values. In practice, it doesn't always work out as neatly as it sounds.",1,synthetic_ai,formal_explanation,travel
"In recent years, movies has started to influence daily life more than most people expect. In addition, one way to look at movies is to check how it affects people's daily routines, stress levels and long-term plans. That said, it's usually not just about movies itself, but also about expectations, social pressure and available resources. In practice, small consistent habits matter more than any one big decision. In this context, a simple dimension can help people reason about trade-offs without getting lost in details.",1,synthetic_ai,formal_explanation,movies
"In recent years, education has started to influence daily life more than most people expect. That said, one way to look at education is to check how it affects people's daily routines, stress levels and long-term plans. That said, it's usually not just about education itself, but also about expectations, social pressure and available resources. Ultimately, the best approach depends on individual goals and constraints. In this context, a simple comprehensive can help people reason about trade-offs without getting lost in details.",1,synthetic_ai,formal_explanation,education
"At a basic level, technology is about how we organize our time, energy and priorities. In addition, one way to look at technology is to check how it affects people's daily routines, stress levels and long-term plans. More broadly speaking, it's usually not just about technology itself, but also about expectations, social pressure and available resources. Ultimately, the best approach depends on individual goals and constraints.",1,synthetic_ai,formal_explanation,technology
"The way people experience technology can vary a lot depending on their background. That said, one way to look at technology is to check how it affects people's daily routines, stress levels and long-term plans. However, it's usually not just about technology itself, but also about expectations, social pressure and available resources. Overall, there is no single right answer, but paying attention to context usually helps.",1,synthetic_ai,formal_explanation,technology
"The way people experience finance can vary a lot depending on their background. That said, one way to look at finance is to check how it affects people's daily routines, stress levels and long-term plans. In many everyday situations, it's usually not just about finance itself, but also about expectations, social pressure and available resources. Overall, there is no single right answer, but paying attention to context usually helps. In this context, a simple framework can help people reason about trade-offs without getting lost in details.",1,synthetic_ai,formal_explanation,finance
"In recent years, food has started to influence daily life more than most people expect. However, one way to look at food is to check how it affects people's daily routines, stress levels and long-term plans. That said, it's usually not just about food itself, but also about expectations, social pressure and available resources. So the real challenge is balancing convenience, long-term impact and personal values.",1,synthetic_ai,formal_explanation,food
"In recent years, social media has started to influence daily life more than most people expect. In addition, one way to look at social media is to check how it affects people's daily routines, stress levels and long-term plans. On the other hand, it's usually not just about social media itself, but also about expectations, social pressure and available resources. In practice, small consistent habits matter more than any one big decision. In this context, a simple in this context can help people reason about trade-offs without getting lost in details. In practice, it doesn't always work out as neatly as it sounds.",1,synthetic_ai,formal_explanation,social media
"Does anyone else feel weird about how health keeps changing every few months, or is it just me? It sounds small but it really threw off my mood. btw",0,synthetic_human,question,health
"At a basic level, mental health is about how we organize our time, energy and priorities. However, one way to look at mental health is to check how it affects people's daily routines, stress levels and long-term plans. However, it's usually not just about mental health itself, but also about expectations, social pressure and available resources. In practice, small consistent habits matter more than any one big decision. In this context, a simple comprehensive can help people reason about trade-offs without getting lost in details. In practice, it doesn't always work out as neatly as it sounds.",1,synthetic_ai,formal_explanation,mental health
"At a basic level, books is about how we organize our time, energy and priorities. From a practical point of view, one way to look at books is to check how it affects people's daily routines, stress levels and long-term plans. In many everyday situations, it's usually not just about books itself, but also about expectations, social pressure and available resources. Overall, there is no single right answer, but paying attention to context usually helps. In this context, a simple significant can help people reason about trade-offs without getting lost in details.",1,synthetic_ai,formal_explanation,books
"At a basic level, social media is about how we organize our time, energy and priorities. From a practical point of view, one way to look at social media is to check how it affects people's daily routines, stress levels and long-term plans. On the other hand, it's usually not just about social media itself, but also about expectations, social pressure and available resources. So the real challenge is balancing convenience, long-term impact and personal values.",1,synthetic_ai,formal_explanation,social media
"I honestly feel like finance is getting a bit overhyped, but at the same time I sort of understand why people care. 🙃",0,synthetic_human,opinion,finance
"At a basic level, health is about how we organize our time, energy and priorities. In many everyday situations, one way to look at health is to check how it affects people's daily routines, stress levels and long-term plans. That said, it's usually not just about health itself, but also about expectations, social pressure and available resources. So the real challenge is balancing convenience, long-term impact and personal values. In practice, it doesn't always work out as neatly as it sounds.",1,synthetic_ai,formal_explanation,health
"Does anyone else feel weird about how education keeps changing every few months, or is it just me? Maybe I'm overthinking it, but still. ngl",0,synthetic_human,question,education
"I honestly feel like finance is getting a bit overhyped, but at the same time I sort of understand why people care. kinda...",0,synthetic_human,opinion,finance
"At a basic level, travel is about how we organize our time, energy and priorities. In addition, one way to look at travel is to check how it affects people's daily routines, stress levels and long-term plans. From a practical point of view, it's usually not just about travel itself, but also about expectations, social pressure and available resources. In practice, small consistent habits matter more than any one big decision.",1,synthetic_ai,formal_explanation,travel
"In recent years, books has started to influence daily life more than most people expect. From a practical point of view, one way to look at books is to check how it affects people's daily routines, stress levels and long-term plans. That said, it's usually not just about books itself, but also about expectations, social pressure and available resources. So the real challenge is balancing convenience, long-term impact and personal values.",1,synthetic_ai,formal_explanation,books
"I tried something new related to technology yesterday and overall it was decent, not amazing but not terriible either. It sounds small but it really threw off my mood.",0,synthetic_human,review,technology
"Does anyone else feel weird about how movies keeps changing every few months, or is it just me? kinda?!",0,synthetic_human,question,movies
Last week I had this random experience with sports and it was way more intense than I expected. lol 🤦‍♂️,0,synthetic_human,personal_story,sports
"The way people experience family can vary a lot depending on their background. However, one way to look at family is to check how it affects people's daily routines, stress levels and long-term plans. More broadly speaking, it's usually not just about family itself, but also about expectations, social pressure and available resources. Ultimately, the best approach depends on individual goals and constraints.",1,synthetic_ai,formal_explanation,family
"I honestly feel like online courses is getting a bit overhyped, but at the same time I sort of understand why people care. It sounds small but it really threw off my mood. tbh 😂!!!",0,synthetic_human,opinion,online courses
"Does anyone else feel weird about how online courses keeps changing every few months, or is it just me? omg 🥲",0,synthetic_human,question,online courses
"At a basic level, remote work is about how we organize our time, energy and priorities. In addition, one way to look at remote work is to check how it affects people's daily routines, stress levels and long-term plans. In many everyday situations, it's usually not just about remote work itself, but also about expectations, social pressure and available resources. So the real challenge is balancing convenience, long-term impact and personal values. In this context, a simple framework can help people reason about trade-offs without getting lost in details.",1,synthetic_ai,formal_explanation,remote work
"Does anyone else feel weird abbout how remote work keeps changing every few months, or is it just me? I know it shouldn't bother me this much but it does. lmao?!",0,synthetic_human,question,remote work
"I tried something new related to finance yesterday and oveerall it was decent, not amazing but not teerrible either. I know it shouldn't bother me this much but it does.?!",0,synthetic_human,review,finance
Last week I had this random experience with health and it was way more intense than I expected. lol 🙃!!!,0,synthetic_human,personal_story,health
"When we talk about travel, it helps to separate a few different aspects. In many everyday situations, one way to look at travel is to check how it affects people's daily routines, stress levels and long-term plans. In many everyday situations, it's usually not just about travel itself, but also about expectations, social pressure and available resources. Overall, there is no single right answer, but paying attention to context usually helps. In practice, it doesn't always work out as neatly as it sounds.",1,synthetic_ai,formal_explanation,travel
"Tbh I've been thinking about movies a lot lately and it kinda messes with my schedule sometimes. Maybe I'm overthinking it, but still. ngl",0,synthetic_human,casual_chat,movies
"At a basic level, education is about how we organize our time, energy and priorities. In addition, one way to look at education is to check how it affects people's daily routines, stress levels and long-term plans. In many everyday situations, it's usually not just about education itself, but also about expectations, social pressure and available resources. So the real challenge is balancing convenience, long-term impact and personal values.",1,synthetic_ai,formal_explanation,education
"Does anyone else feel weird about how family keeps changing every few months, or is it just me? idk 🤷‍♀️!!!",0,synthetic_human,question,family
"Tbh I've been thinking about books a lot lately and it kinda messes with my schedule sometimes. Maybe I'm overthinking it, but still. omg...",0,synthetic_human,casual_chat,books
"I'm kinda tired of hearing about sports all the time, it just pops up everywhere and it's low-key exhausting.",0,synthetic_human,rant,sports
"Last week I had this random experience with travel and it was way more intense than I expected. Maybe I'm overthinking it, but still. 🥲?!",0,synthetic_human,personal_story,travel
"At a basic level, education is about how we organize our time, energy and priorities. From a practical point of view, one way to look at education is to check how it affects people's daily routines, stress levels and long-term plans. However, it's usually not just about education itself, but also about expectations, social pressure and available resources. So the real challenge is balancing convenience, long-term impact and personal values. In practice, it doesn't always work out as neatly as it sounds.",1,synthetic_ai,formal_explanation,education
"I honestly feel like finance is getting a bit overhyped, but at the same time I sort of understand why people care. lmao!!!",0,synthetic_human,opinion,finance
"The way people experience work can vary a lot depending on their background. In many everyday situations, one way to look at work is to check how it affects people's daily routines, stress levels and long-term plans. More broadly speaking, it's usually not just about work itself, but also about expectations, social pressure and available resources. In practice, small consistent habits matter more than any one big decision. In practice, it doesn't always work out as neatly as it sounds.",1,synthetic_ai,formal_explanation,work
"The way people experience movies can vary a lot depending on their background. From a practical point of view, one way to look at movies is to check how it affects people's daily routines, stress levels and long-term plans. In many everyday situations, it's usually not just about movies itself, but also about expectations, social pressure and available resources. Overall, there is no single right answer, but paying attention to context usually helps. In this context, a simple perspective can help people reason about trade-offs without getting lost in details.",1,synthetic_ai,formal_explanation,movies
"In recent years, finance has started to influence daily life more than most people expect. In many everyday situations, one way to look at finance is to check how it affects people's daily routines, stress levels and long-term plans. In addition, it's usually not just about finance itself, but also about expectations, social pressure and available resources. Ultimately, the best approach depends on individual goals and constraints. In this context, a simple robust can help people reason about trade-offs without getting lost in details.",1,synthetic_ai,formal_explanation,finance
"The way people experience remote work can vary a lot depending on their background. That said, one way to look at remote work is to check how it affects people's daily routines, stress levels and long-term plans. On the other hand, it's usually not just about remote work itself, but also about expectations, social pressure and available resources. Overall, there is no single right answer, but paying attention to context usually helps. In this context, a simple framework can help people reason about trade-offs without getting lost in details.",1,synthetic_ai,formal_explanation,remote work
Tbh I've been thinking about music a lot lately and it kinda messes with my schedule sometimes. idk?!,0,synthetic_human,casual_chat,music
"In recent years, work has started to influence daily life more than most people expect. However, one way to look at work is to check how it affects people's daily routines, stress levels and long-term plans. However, it's usually not just about work itself, but also about expectations, social pressure and available resources. Ultimately, the best approach depends on individual goals and constraints. In this context, a simple robust can help people reason about trade-offs without getting lost in details.",1,synthetic_ai,formal_explanation,work
"I tried something new related to online courses yesterday and overall it was decent, not amazing but not terrible either. It sounds small but it really threw off my mood. From my perspective the significant of the whole thing is how people adapt over time. haha 😅!!!",0,synthetic_human,review,online courses
"I tried something new related to books yesterday and overall it was decent, not amazing but not terrible either. From my perspective the insight of the whoole thing is how people adapt over time.",0,synthetic_human,review,books
"Last week I had this random experience with education and it was way more intense than I expected. Honestly, it got stuck in my head the whole day. From my perspective the perspective of the whole thiing is how people adappt over time.",0,synthetic_human,personal_story,education
"Does anyone else feel weird about how technology keeps changing every few months, or is it just me? sort of 🙃",0,synthetic_human,question,technology
"I honestly feel like mental health is getting a bit overhyped, but at the same time I sort of understand why people care. From my perspective the significant of the whole thinng is how people adapt over time.?!",0,synthetic_human,opinion,mental health
"I'm kinda tired of hearing about movies all the time, it just pops up everywhere and it's low-key exhausting. I know it shouldn't bother me this much but it does. idk",0,synthetic_human,rant,movies
"When we talk about remote work, it helps to separate a few different aspects. In addition, one way to look at remote work is to check how it affects people's daily routines, stress levels and long-term plans. In many everyday situations, it's usually not just about remote work itself, but also about expectations, social pressure and available resources. In practice, small consistent habits matter more than any one big decision. In this context, a simple perspective can help people reason about trade-offs without getting lost in details.",1,synthetic_ai,formal_explanation,remote work
Tbh I've been thinking about finance a lot lately and it kinda messes with my schedule sometimes. It sounds small but it really threw off my mood. lmao?!,0,synthetic_human,casual_chat,finance
"At a basic level, travel is about how we organize our time, energy and priorities. From a practical point of view, one way to look at travel is to check how it affects people's daily routines, stress levels and long-term plans. On the other hand, it's usually not just about travel itself, but also about expectations, social pressure and available resources. Ultimately, the best approach depends on individual goals and constraints. In this context, a simple in this context can help people reason about trade-offs without getting lost in details.",1,synthetic_ai,formal_explanation,travel
Last week I had this random experience with music and it was way more intense than I expected. From my perspective the framework of the whole thing is how people adapt over time.,0,synthetic_human,personal_story,music
"At a basic level, travel is about how we organize our time, energy and priorities. In addition, one way to look at travel is to check how it affects people's daily routines, stress levels and long-term plans. In addition, it's usually not just about travel itself, but also about expectations, social pressure and available resources. So the real challenge is balancing convenience, long-term impact and personal values.",1,synthetic_ai,formal_explanation,travel
Tbh I've been thinking about music a lot lately and it kinda messes with my schedule sometimes. It sounds small but it really threw off my mood. btw,0,synthetic_human,casual_chat,music
"At a basic level, social media is about how we organize our time, energy and priorities. In many everyday situations, one way to look at social media is to check how it affects people's daily routines, stress levels and long-term plans. More broadly speaking, it's usually not just about social media itself, but also about expectations, social pressure and available resources. In practice, small consistent habits matter more than any one big decision.",1,synthetic_ai,formal_explanation,social media
"When we talk about health, it helps to separate a few different aspects. More broadly speaking, one way to look at health is to check how it affects people's daily routines, stress levels and long-term plans. In many everyday situations, it's usually not just about health itself, but also about expectations, social pressure and available resources. Overall, there is no single right answer, but paying attention to context usually helps. In this context, a simple comprehensive can help people reason about trade-offs without getting lost in details.",1,synthetic_ai,formal_explanation,health
"In recent years, family has started to influence daily life more than most people expect. On the other hand, one way to look at family is to check how it affects people's daily routines, stress levels and long-term plans. That said, it's usually not just about family itself, but also about expectations, social pressure and available resources. Ultimately, the best approach depends on individual goals and constraints. In this context, a simple perspective can help people reason about trade-offs without getting lost in details.",1,synthetic_ai,formal_explanation,family
"Does anyone else feel weird about how remote work keeps chhanging every few months, or is it just me? Maybe I'm overthinking it, but still. From my perspective the perspective of the whole thing is how people adapt over time.",0,synthetic_human,question,remote work
"At a basic level, technology is about how we organize our time, energy and priorities. From a practical point of view, one way to look at technology is to check how it affects people's daily routines, stress levels and long-term plans. That said, it's usually not just about technology itself, but also about expectations, social pressure and available resources. So the real challenge is balancing convenience, long-term impact and personal values. In practice, it doesn't always work out as neatly as it sounds.",1,synthetic_ai,formal_explanation,technology
Tbh I've been thinking about online courses a lot lately and it kinda messes with my schedule sometimes. It sounds smaall but it really threw off my mood. ngl 🤦‍♂️,0,synthetic_human,casual_chat,online courses
"When we talk about food, it helps to separate a few different aspects. In addition, one way to look at food is to check how it affects people's daily routines, stress levels and long-term plans. In addition, it's usually not just about food itself, but also about expectations, social pressure and available resources. Ultimately, the best approach depends on individual goals and constraints. In this context, a simple in this context can help people reason about trade-offs without getting lost in details.",1,synthetic_ai,formal_explanation,food
Tbh I've been thinking about books a lot lately and it kinda messes with my schedule sometimes.,0,synthetic_human,casual_chat,books
"Does anyone else feel weird about how health keeps changing every few months, or is it just me? omg!!!",0,synthetic_human,question,health
"At a basic level, movies is about how we organize our time, energy and priorities. From a practical point of view, one way to look at movies is to check how it affects people's daily routines, stress levels and long-term plans. More broadly speaking, it's usually not just about movies itself, but also about expectations, social pressure and available resources. In practice, small consistent habits matter more than any one big decision. In this context, a simple robust can help people reason about trade-offs without getting lost in details.",1,synthetic_ai,formal_explanation,movies
"When we talk about food, it helps to separate a few different aspects. More broadly speaking, one way to look at food is to check how it affects people's daily routines, stress levels and long-term plans. More broadly speaking, it's usually not just about food itself, but also about expectations, social pressure and available resources. Overall, there is no single right answer, but paying attention to context usually helps.",1,synthetic_ai,formal_explanation,food
"At a basic level, technology is about how we organize our time, energy and priorities. In addition, one way to look at technology is to check how it affects people's daily routines, stress levels and long-term plans. However, it's usually not just about technology itself, but also about expectations, social pressure and available resources. In practice, small consistent habits matter more than any one big decision. In this context, a simple perspective can help people reason about trade-offs without getting lost in details. In practice, it doesn't always work out as neatly as it sounds.",1,synthetic_ai,formal_explanation,technology
Last week I had this random experience with family and it was way more intense than I expected. I know it shouldn't bother me this much but it does. btw 🤦‍♂️,0,synthetic_human,personal_story,family
"Does anyone else feel weird about how books keeps changing every few months, or is it just me? It sounds small but it really threw off my mood. omg!!!",0,synthetic_human,question,books
"I tried something new related to family yesterday and overall it was decent, not amazing but not terrible either. Honestly, it got stuck in my head the whole day. From my perspective the dynamic of the whole thing is how people adapt over time. kinda",0,synthetic_human,review,family
"In recent years, health has started to influence daily life more than most people expect. From a practical point of view, one way to look at health is to check how it affects people's daily routines, stress levels and long-term plans. In addition, it's usually not just about health itself, but also about expectations, social pressure and available resources. Ultimately, the best approach depends on individual goals and constraints. In this context, a simple dimension can help people reason about trade-offs without getting lost in details.",1,synthetic_ai,formal_explanation,health
"At a basic level, finance is about how we organize our time, energy and priorities. On the other hand, one way to look at finance is to check how it affects people's daily routines, stress levels and long-term plans. In addition, it's usually not just about finance itself, but also about expectations, social pressure and available resources. So the real challenge is balancing convenience, long-term impact and personal values. In this context, a simple underlying can help people reason about trade-offs without getting lost in details. In practice, it doesn't always work out as neatly as it sounds.",1,synthetic_ai,formal_explanation,finance
"Does anyone else feel weeird aboout how technology keeps changing every few months, or is it just me? From my perspective the underlying of the whole thing is how people adapt over time.",0,synthetic_human,question,technology
"In recent years, online courses has started to influence daily life more than most people expect. More broadly speaking, one way to look at online courses is to check how it affects people's daily routines, stress levels and long-term plans. In addition, it's usually not just about online courses itself, but also about expectations, social pressure and available resources. Ultimately, the best approach depends on individual goals and constraints. In this context, a simple robust can help people reason about trade-offs without getting lost in details.",1,synthetic_ai,formal_explanation,online courses
"I honestly feel like technology is getting a bit overhyped, but at the same time I sort of understand why people care. Honestly, it got stuck in my head the whole day. From my perspective the in this context of the whole thing is how people adapt over time.",0,synthetic_human,opinion,technology
"The way people experience education can vary a lot depending on their background. On the other hand, one way to look at education is to check how it affects people's daily routines, stress levels and long-term plans. In addition, it's usually not just about education itself, but also about expectations, social pressure and available resources. Overall, there is no single right answer, but paying attention to context usually helps.",1,synthetic_ai,formal_explanation,education
"When we talk about books, it helps to separate a few different aspects. However, one way to look at books is to check how it affects people's daily routines, stress levels and long-term plans. In many everyday situations, it's usually not just about books itself, but also about expectations, social pressure and available resources. Ultimately, the best approach depends on individual goals and constraints.",1,synthetic_ai,formal_explanation,books
"I honestly feel like books is getting a bit overhyped, but at the same time I sort of understand why people care.",0,synthetic_human,opinion,books
"At a basic level, music is about how we organize our time, energy and priorities. In many everyday situations, one way to look at music is to check how it affects people's daily routines, stress levels and long-term plans. In many everyday situations, it's usually not just about music itself, but also about expectations, social pressure and available resources. Ultimately, the best approach depends on individual goals and constraints. In this context, a simple robust can help people reason about trade-offs without getting lost in details.",1,synthetic_ai,formal_explanation,music
Last week I had this random experience with remote work and it was way more intense than I expected. kinda 🥲,0,synthetic_human,personal_story,remote work
"I tried something new related to work yesterday and overall it was decent, not amazing but not terriible either. Maybe I'm overthiinking it, but still. From my perspective the dynamic of the whole thing is how people adapt over time. lol?!",0,synthetic_human,review,work
"At a basic level, health is about how we organize our time, energy and priorities. However, one way to look at health is to check how it affects people's daily routines, stress levels and long-term plans. On the other hand, it's usually not just about health itself, but also about expectations, social pressure and available resources. In practice, small consistent habits matter more than any one big decision. In this context, a simple underlying can help people reason about trade-offs without getting lost in details. In practice, it doesn't always work out as neatly as it sounds.",1,synthetic_ai,formal_explanation,health
"At a basic level, work is about how we organize our time, energy and priorities. In many everyday situations, one way to look at work is to check how it affects people's daily routines, stress levels and long-term plans. In addition, it's usually not just about work itself, but also about expectations, social pressure and available resources. In practice, small consistent habits matter more than any one big decision. In practice, it doesn't always work out as neatly as it sounds.",1,synthetic_ai,formal_explanation,work
"In recent years, movies has started to influence daily life more than most people expect. From a practical point of view, one way to look at movies is to check how it affects people's daily routines, stress levels and long-term plans. More broadly speaking, it's usually not just about movies itself, but also about expectations, social pressure and available resources. In practice, small consistent habits matter more than any one big decision. In practice, it doesn't always work out as neatly as it sounds.",1,synthetic_ai,formal_explanation,movies
"I honestly feel like remote work is getting a bit overhyped, but at the same time I sort of understand why people care. Maybe I'm overthinking it, but still. kinda?!",0,synthetic_human,opinion,remote work
"I honestly feel like finance is getting a bit overhyped, but at the same time I sort of understtand why people care. It sounds small but it really threw off my mood. haha",0,synthetic_human,opinion,finance
"Tbh I've been thinkiing about sports a lot lately and it kinda messes with my schedule sometimes. Maybe I'm overthinking it, but still.",0,synthetic_human,casual_chat,sports
"In recent years, work has started to influence daily life more than most people expect. However, one way to look at work is to check how it affects people's daily routines, stress levels and long-term plans. However, it's usually not just about work itself, but also about expectations, social pressure and available resources. Overall, there is no single right answer, but paying attention to context usually helps.",1,synthetic_ai,formal_explanation,work
"The way people experience finance can vary a lot depending on their background. In addition, one way to look at finance is to check how it affects people's daily routines, stress levels and long-term plans. On the other hand, it's usually not just about finance itself, but also about expectations, social pressure and available resources. Overall, there is no single right answer, but paying attention to context usually helps. In practice, it doesn't always work out as neatly as it sounds.",1,synthetic_ai,formal_explanation,finance
"I'm kinda tired of hearing abouut travel all the time, it just pops up everywhere and it's low-key exhausting. sort of!!!",0,synthetic_human,rant,travel
"I tried something new related to family yesterday and overall it was decent, not amazing but not terrible either. ngl...",0,synthetic_human,review,family
Tbh I've been thinking about education a lot lately and it kinda messes with my schedule sometimes.!!!,0,synthetic_human,casual_chat,education
"I honestly feel like food is getting a bit overhyped, but at the same time I sort of understand why people care. From my perspective the significant of the whole thing is how people adapt over time. 🙂?!",0,synthetic_human,opinion,food
Last week I had this random experience with music and it was way more intense than I expected. From my perspective the in this context of the whole thing is how people adapt over time. lmao,0,synthetic_human,personal_story,music
"At a basic level, mental health is about how we organize our time, energy and priorities. In addition, one way to look at mental health is to check how it affects people's daily routines, stress levels and long-term plans. That said, it's usually not just about mental health itself, but also about expectations, social pressure and available resources. Overall, there is no single right answer, but paying attention to context usually helps.",1,synthetic_ai,formal_explanation,mental health
"The way people experience social media can vary a lot depending on their background. In many everyday situations, one way to look at social media is to check how it affects people's daily routines, stress levels and long-term plans. In addition, it's usually not just about social media itself, but also about expectations, social pressure and available resources. Overall, there is no single right answer, but paying attention to context usually helps.",1,synthetic_ai,formal_explanation,social media
"I honestly feel like online courses is getting a bit overhyped, but at the same time I sort of understand why people care. Maybe I'm overthinking it, but still. ngl",0,synthetic_human,opinion,online courses
"At a basic level, online courses is about how we organize our time, energy and priorities. In many everyday situations, one way to look at online courses is to check how it affects people's daily routines, stress levels and long-term plans. More broadly speaking, it's usually not just about online courses itself, but also about expectations, social pressure and available resources. Ultimately, the best approach depends on individual goals and constraints. In this context, a simple underlying can help people reason about trade-offs without getting lost in details.",1,synthetic_ai,formal_explanation,online courses
"I tried something new related to remote work yesterday and overall it was decent, not amazing but not terrible either. haha...",0,synthetic_human,review,remote work
Last week I had this random experience with mental health and it was way more intense than I expected.!!!,0,synthetic_human,personal_story,mental health
"I honestly feel like health is getting a bit overhyped, but at the same time I sort of understand why people care.",0,synthetic_human,opinion,health
"When we talk about travel, it helps to separate a few different aspects. In many everyday situations, one way to look at travel is to check how it affects people's daily routines, stress levels and long-term plans. In many everyday situations, it's usually not just about travel itself, but also about expectations, social pressure and available resources. So the real challenge is balancing convenience, long-term impact and personal values. In this context, a simple robust can help people reason about trade-offs without getting lost in details. In practice, it doesn't always work out as neatly as it sounds.",1,synthetic_ai,formal_explanation,travel
"I tried something new rellated to education yesterday and overall it was decent, not amazing but not terrible either. I know it shouldn't bother me this much but it does. lmao 😅",0,synthetic_human,review,education
Last week I had this random experience with music and it was way more intense than I expected. From my perspective the perspective of the whole thing is how people adapt over time.?!,0,synthetic_human,personal_story,music
"I tried something new related to social media yesterday and overall it was decent, not amazing but not terrible either. It sounds small but it really threw off my mood. From my perspective the significant of the whole thing is how peeople adapt over time. sort of",0,synthetic_human,review,social media
"At a basic level, family is about how we organize our time, energy and priorities. On the other hand, one way to look at family is to check how it affects people's daily routines, stress levels and long-term plans. That said, it's usually not just about family itself, but also about expectations, social pressure and available resources. In practice, small consistent habits matter more than any one big decision. In this context, a simple dynamic can help people reason about trade-offs without getting lost in details.",1,synthetic_ai,formal_explanation,family
"In recent years, technology has started to influence daily life more than most people expect. From a practical point of view, one way to look at technology is to check how it affects people's daily routines, stress levels and long-term plans. That said, it's usually not just about technology itself, but also about expectations, social pressure and available resources. In practice, small consistent habits matter more than any one big decision.",1,synthetic_ai,formal_explanation,technology
"At a basic level, music is about how we organize our time, energy and priorities. On the other hand, one way to look at music is to check how it affects people's daily routines, stress levels and long-term plans. In addition, it's usually not just about music itself, but also about expectations, social pressure and available resources. So the real challenge is balancing convenience, long-term impact and personal values. In this context, a simple significant can help people reason about trade-offs without getting lost in details. In practice, it doesn't always work out as neatly as it sounds.",1,synthetic_ai,formal_explanation,music
"When we talk about mental health, it helps to separate a few different aspects. From a practical point of view, one way to look at mental health is to check how it affects people's daily routines, stress levels and long-term plans. However, it's usually not just about mental health itself, but also about expectations, social pressure and available resources. So the real challenge is balancing convenience, long-term impact and personal values. In this context, a simple comprehensive can help people reason about trade-offs without getting lost in details. In practice, it doesn't always work out as neatly as it sounds.",1,synthetic_ai,formal_explanation,mental health
"I'm kinda tired of hearing about food all the time, it just pops up everywhere and it's low-key exhausting. From my perspective the perspective of the whole thing is how people adapt over time. haha 🤷‍♀️",0,synthetic_human,rant,food
"When we talk about movies, it helps to separate a few different aspects. That said, one way to look at movies is to check how it affects people's daily routines, stress levels and long-term plans. From a practical point of view, it's usually not just about movies itself, but also about expectations, social pressure and available resources. In practice, small consistent habits matter more than any one big decision.",1,synthetic_ai,formal_explanation,movies
"When we talk about social media, it helps to separate a few different aspects. On the other hand, one way to look at social media is to check how it affects people's daily routines, stress levels and long-term plans. More broadly speaking, it's usually not just about social media itself, but also about expectations, social pressure and available resources. So the real challenge is balancing convenience, long-term impact and personal values.",1,synthetic_ai,formal_explanation,social media
"In recent years, travel has started to influence daily life more than most people expect. More broadly speaking, one way to look at travel is to check how it affects people's daily routines, stress levels and long-term plans. In many everyday situations, it's usually not just about travel itself, but also about expectations, social pressure and available resources. Overall, there is no single right answer, but paying attention to context usually helps. In this context, a simple in this context can help people reason about trade-offs without getting lost in details.",1,synthetic_ai,formal_explanation,travel
Last week I had this random experience with music and it was way more intense than I expected. I know it shouldn't bother me this much but it does.,0,synthetic_human,personal_story,music
"At a basic level, music is about how we organize our time, energy and priorities. In many everyday situations, one way to look at music is to check how it affects people's daily routines, stress levels and long-term plans. More broadly speaking, it's usually not just about music itself, but also about expectations, social pressure and available resources. Ultimately, the best approach depends on individual goals and constraints.",1,synthetic_ai,formal_explanation,music
"At a basic level, social media is about how we organize our time, energy and priorities. In many everyday situations, one way to look at social media is to check how it affects people's daily routines, stress levels and long-term plans. However, it's usually not just about social media itself, but also about expectations, social pressure and available resources. So the real challenge is balancing convenience, long-term impact and personal values.",1,synthetic_ai,formal_explanation,social media
"The way people experience health can vary a lot depending on their background. From a practical point of view, one way to look at health is to check how it affects people's daily routines, stress levels and long-term plans. From a practical point of view, it's usually not just about health itself, but also about expectations, social pressure and available resources. In practice, small consistent habits matter more than any one big decision.",1,synthetic_ai,formal_explanation,health
"The way people experience travel can vary a lot depending on their background. More broadly speaking, one way to look at travel is to check how it affects people's daily routines, stress levels and long-term plans. In addition, it's usually not just about travel itself, but also about expectations, social pressure and available resources. Ultimately, the best approach depends on individual goals and constraints. In this context, a simple dynamic can help people reason about trade-offs without getting lost in details.",1,synthetic_ai,formal_explanation,travel
"I tried something new related to travel yesterday and overall it was decent, not amazing but not terrible either. I know it shouldn't bother me this much but it does. From my perspective the dynamic of the whole thing is how people adapt over time. haha!!!",0,synthetic_human,review,travel
"At a basic level, music is about how we organize our time, energy and priorities. On the other hand, one way to look at music is to check how it affects people's daily routines, stress levels and long-term plans. In many everyday situations, it's usually not just about music itself, but also about expectations, social pressure and available resources. Ultimately, the best approach depends on individual goals and constraints.",1,synthetic_ai,formal_explanation,music
"The way people experience remote work can vary a lot depending on their background. In many everyday situations, one way to look at remote work is to check how it affects people's daily routines, stress levels and long-term plans. In many everyday situations, it's usually not just about remote work itself, but also about expectations, social pressure and available resources. In practice, small consistent habits matter more than any one big decision. In this context, a simple underlying can help people reason about trade-offs without getting lost in details.",1,synthetic_ai,formal_explanation,remote work
"I honestly feel like books is getting a bit overhyped, but at the same time I sort of understand why people care.",0,synthetic_human,opinion,books
"When we talk about social media, it helps to separate a few different aspects. On the other hand, one way to look at social media is to check how it affects people's daily routines, stress levels and long-term plans. In many everyday situations, it's usually not just about social media itself, but also about expectations, social pressure and available resources. Ultimately, the best approach depends on individual goals and constraints.",1,synthetic_ai,formal_explanation,social media
"In recent years, education has started to influence daily life more than most people expect. More broadly speaking, one way to look at education is to check how it affects people's daily routines, stress levels and long-term plans. More broadly speaking, it's usually not just about education itself, but also about expectations, social pressure and available resources. Overall, there is no single right answer, but paying attention to context usually helps. In this context, a simple framework can help people reason about trade-offs without getting lost in details.",1,synthetic_ai,formal_explanation,education
"I honestly feel like sports is getting a bit overhyped, but at the same time I sort of understand why people care. I know it shouldn't bother me this much but it does. 😅",0,synthetic_human,opinion,sports
"Does anyone else feel weird about how books keeps changing every few months, or is it just me? haha 🤦‍♂️!!!",0,synthetic_human,question,books
"At a basic level, family is about how we organize our time, energy and priorities. That said, one way to look at family is to check how it affects people's daily routines, stress levels and long-term plans. That said, it's usually not just about family itself, but also about expectations, social pressure and available resources. In practice, small consistent habits matter more than any one big decision. In this context, a simple in this context can help people reason about trade-offs without getting lost in details.",1,synthetic_ai,formal_explanation,family
"The way people experience social media can vary a lot depending on their background. In many everyday situations, one way to look at social media is to check how it affects people's daily routines, stress levels and long-term plans. In addition, it's usually not just about social media itself, but also about expectations, social pressure and available resources. Ultimately, the best approach depends on individual goals and constraints. In this context, a simple dynamic can help people reason about trade-offs without getting lost in details.",1,synthetic_ai,formal_explanation,social media
"When we talk about online courses, it helps to separate a few different aspects. On the other hand, one way to look at online courses is to check how it affects people's daily routines, stress levels and long-term plans. That said, it's usually not just about online courses itself, but also about expectations, social pressure and available resources. In practice, small consistent habits matter more than any one big decision. In this context, a simple framework can help people reason about trade-offs without getting lost in details. In practice, it doesn't always work out as neatly as it sounds.",1,synthetic_ai,formal_explanation,online courses
"I'm kinda tired of hearing about travel all the time, it just pops up everywhere and it's low-key exhausting. Honestly, it got stuck in my head the whole day. 🙃",0,synthetic_human,rant,travel
"I tried something new related to food yesterday and overall it was decent, not amazing but not terrible either. It sounds small but it really threw off my mood. From my perspective the dimension of the whole thing is how people adapt over time. idk 😂",0,synthetic_human,review,food
"I'm kinda tired of hearing about music all the time, it just pops up everywhere and it's low-key exhausting. I know it shouldn't bother me this much but it does. omg...",0,synthetic_human,rant,music
"I honestly feel like family is getting a bit overhyped, but at the same time I sort of understand why people care. 🤷‍♀️!!!",0,synthetic_human,opinion,family
"I'm kinda tired of hearing about books all the time, it just pops up everywhere and it's low-key exhausting. Honestly, it got stuck in my head the whole day. lmao 🤦‍♂️",0,synthetic_human,rant,books
"I honestly feel like family is getting a bit overhyped, but at the same time I sort of understand why people care. It sounds small but it really threw off my mood. From my perspective the robust of the whole thing is how people adapt over time. lmao 😂?!",0,synthetic_human,opinion,family
"The way people experience remote work can vary a lot depending on their background. From a practical point of view, one way to look at remote work is to check how it affects people's daily routines, stress levels and long-term plans. On the other hand, it's usually not just about remote work itself, but also about expectations, social pressure and available resources. Overall, there is no single right answer, but paying attention to context usually helps. In this context, a simple comprehensive can help people reason about trade-offs without getting lost in details.",1,synthetic_ai,formal_explanation,remote work
"I trried something new related to food yesterday and overall it was decent, not amazing but not terrible either. I know it shouldn't bother me this much but it does. lol",0,synthetic_human,review,food
"Does anyone else feel weird about how remote work keeps changing every few months, or is it just me? From my perspective the significant of the whole thing is how people adapt over time. haha!!!",0,synthetic_human,question,remote work
"At a basic level, travel is about how we organize our time, energy and priorities. More broadly speaking, one way to look at travel is to check how it affects people's daily routines, stress levels and long-term plans. On the other hand, it's usually not just about travel itself, but also about expectations, social pressure and available resources. Overall, there is no single right answer, but paying attention to context usually helps. In this context, a simple robust can help people reason about trade-offs without getting lost in details. In practice, it doesn't always work out as neatly as it sounds.",1,synthetic_ai,formal_explanation,travel
"I tried something new related to remote work yesterday and overall it was decent, not amazing but not terribble either. Honestly, it got stuck in my head the whole day. btw",0,synthetic_human,review,remote work
"I honestly feel like movies is getting a bit overhyped, but at the same time I sort of understand why people care. From my perspective the insight of the whole thing is how people adapt over time. 🙂",0,synthetic_human,opinion,movies
"I tried something new related to technology yesterday and overall it was decent, not amazing but not terrible either. 🙃?!",0,synthetic_human,review,technology
"In recent years, sports has started to influence daily life more than most people expect. In many everyday situations, one way to look at sports is to check how it affects people's daily routines, stress levels and long-term plans. From a practical point of view, it's usually not just about sports itself, but also about expectations, social pressure and available resources. In practice, small consistent habits matter more than any one big decision. In this context, a simple dimension can help people reason about trade-offs without getting lost in details. In practice, it doesn't always work out as neatly as it sounds.",1,synthetic_ai,formal_explanation,sports
"Tbh I've been thinking about remote work a lot lately and it kinda messes with my schedule sometimes. Maybe I'm overthinking it, but still. From my perspective the dynamic of the whole thing is how people adapt over time.?!",0,synthetic_human,casual_chat,remote work
"At a basic level, remote work is about how we organize our time, energy and priorities. That said, one way to look at remote work is to check how it affects people's daily routines, stress levels and long-term plans. In addition, it's usually not just about remote work itself, but also about expectations, social pressure and available resources. Overall, there is no single right answer, but paying attention to context usually helps. In this context, a simple perspective can help people reason about trade-offs without getting lost in details. In practice, it doesn't always work out as neatly as it sounds.",1,synthetic_ai,formal_explanation,remote work
Tbh I've been thinking about finance a lot lately and it kinda messes with my schedule sometimes. It sounds small but it really threw off my mood. omg 😅?!,0,synthetic_human,casual_chat,finance
"At a basic level, family is about how we organize our time, energy and priorities. However, one way to look at family is to check how it affects people's daily routines, stress levels and long-term plans. However, it's usually not just about family itself, but also about expectations, social pressure and available resources. So the real challenge is balancing convenience, long-term impact and personal values. In this context, a simple dynamic can help people reason about trade-offs without getting lost in details.",1,synthetic_ai,formal_explanation,family
"At a basic level, finance is about how we organize our time, energy and priorities. In many everyday situations, one way to look at finance is to check how it affects people's daily routines, stress levels and long-term plans. However, it's usually not just about finance itself, but also about expectations, social pressure and available resources. In practice, small consistent habits matter more than any one big decision.",1,synthetic_ai,formal_explanation,finance
"Does anyone else feel weird about how food keeps changing every few months, or is it just me? Honestly, it got stuck in my head the whole day. 😅",0,synthetic_human,question,food
"I tried something new related to finance yesterday and overall it was decent, not amazing but not terrible either. I know it shouldn't bother me this much but it does. omg",0,synthetic_human,review,finance
"I honestly feel like online courses is getting a bit overhyped, but at the same time I sort of understand why people care. From my perspective the perspective of the whole thing is how people adapt over time.?!",0,synthetic_human,opinion,online courses
"Does anyone else feel weird about how family keeps changing every few months, or is it just me? Honestly, it got stuck in my head the whole day. lmao",0,synthetic_human,question,family
Last week I had this random experience with work and it was way more intense than I expected. It sounds small but it really threw off my mood. From my perspective the framework of the whole thing is how people adapt over time. 🙂,0,synthetic_human,personal_story,work
"I tried something new relateed to sports yesterday and overall it was decent, not amazing but not terrible either. From my perspective the significant of the whole thing is how people adapt over time. kinda",0,synthetic_human,review,sports
Tbh I've been thinking about online courses a lot laately and it kinda messes with my schedule sometimes. From my perspective the significant of the whole thing is how people adapt over time. tbh 😂!!!,0,synthetic_human,casual_chat,online courses
Tbh I've been thinking about education a lot lately and it kinda messes with my schedule sometimes. It sounds small but it really threw off my mood. From my perspective the in this context of the whole thing is how people adapt over time.!!!,0,synthetic_human,casual_chat,education
"In recent years, remote work has started to influence daily life more than most people expect. In addition, one way to look at remote work is to check how it affects people's daily routines, stress levels and long-term plans. That said, it's usually not just about remote work itself, but also about expectations, social pressure and available resources. Overall, there is no single right answer, but paying attention to context usually helps. In this context, a simple significant can help people reason about trade-offs without getting lost in details. In practice, it doesn't always work out as neatly as it sounds.",1,synthetic_ai,formal_explanation,remote work
Last week I had this random experience with remote work and it was way more intense than I expected. It sounds small but it really threw off my mood.,0,synthetic_human,personal_story,remote work
"In recent years, food has started to influence daily life more than most people expect. More broadly speaking, one way to look at food is to check how it affects people's daily routines, stress levels and long-term plans. However, it's usually not just about food itself, but also about expectations, social pressure and available resources. In practice, small consistent habits matter more than any one big decision. In this context, a simple in this context can help people reason about trade-offs without getting lost in details. In practice, it doesn't always work out as neatly as it sounds.",1,synthetic_ai,formal_explanation,food
"Does anyone else feel weird about how food keeps changing every few months, or is it just me? kinda",0,synthetic_human,question,food
"I tried something new related to online courses yesterday and overall it was decent, not amazing but not terrible either. From my perspective the underlying of the whhole thing is how people adapt over time.",0,synthetic_human,review,online courses
"Does anyone else feel weird about how food keeps changing every few months, or is it just me? Maybe I'm overthinking it, but still. 😂",0,synthetic_human,question,food
"When we talk about movies, it helps to separate a few different aspects. In addition, one way to look at movies is to check how it affects people's daily routines, stress levels and long-term plans. In many everyday situations, it's usually not just about movies itself, but also about expectations, social pressure and available resources. So the real challenge is balancing convenience, long-term impact and personal values. In this context, a simple comprehensive can help people reason about trade-offs without getting lost in details. In practice, it doesn't always work out as neatly as it sounds.",1,synthetic_ai,formal_explanation,movies
"Does anyyone else feel weird about how work keeps changing every few months, or is it just me? Maybe I'm overthinking it, but still.",0,synthetic_human,question,work
Tbh I've been thinkking about books a lot lately and it kinda messes with my schedule sometimes. It sounds small but it really threw off my mood. sort of 🤦‍♂️,0,synthetic_human,casual_chat,books
